"path","title","sha256","repository_state","role","status","active_entry","replacement","privacy","suggested_disposition","processing_state","classification_basis","local_link_count","missing_local_links"
".worktrees/model-eval-metrics-discussion/docs/evals/interview-question-eval-assets.md","访谈追问评估机器资产规范","d793aec220a3effedb9eb219e18980dfbbc99bce1d37f0230d06937610e84e73","本地忽略","隔离成果","待确认","本地隔离成果；尚未接入主仓导航","","本地隔离成果","需人工判断","保持原位","目录与包级规则推断","2",""
".worktrees/model-eval-metrics-discussion/docs/evals/interview-question-eval-candidate-intake-template.md","访谈追问评估候选样本 Intake 模板","8efe512206b45e38aa327efca06ca4da99fc30e4b135f5c1d2be2984543ea95e","本地忽略","隔离成果","待确认","本地隔离成果；尚未接入主仓导航","","本地隔离成果","需人工判断","保持原位","目录与包级规则推断","0",""
".worktrees/model-eval-metrics-discussion/docs/evals/interview-question-eval-official-set-v1-batch1-closeout.md","Official Set v1 Batch 1 Closeout","e7c3515a6e515723604e94ca488a33e6ab0e66e363782427a688cc17685346c4","本地忽略","隔离成果","待确认","本地隔离成果；尚未接入主仓导航","","本地隔离成果","需人工判断","保持原位","目录与包级规则推断","0",""
".worktrees/model-eval-metrics-discussion/docs/evals/interview-question-eval-official-set-v1-batch1-execution-note.md","访谈追问评估 Official Set v1 Batch 1 执行说明","8f37f24d12702dc9ff04ae9aba773aa87866a540d543adc790bd58d1a2bacc7e","本地忽略","隔离成果","待确认","本地隔离成果；尚未接入主仓导航","","本地隔离成果","需人工判断","保持原位","目录与包级规则推断","1",""
".worktrees/model-eval-metrics-discussion/docs/evals/interview-question-eval-official-set-v1-batch1-lock-manifest.md","Interview Question Eval Official Set v1 Batch 1 Lock Manifest","91d2a49e9ba4eca426af8cdda0d4c5159fc87487f4ea212d59397118e817da25","本地忽略","隔离成果","待确认","本地隔离成果；尚未接入主仓导航","","本地隔离成果","需人工判断","保持原位","目录与包级规则推断","0",""
".worktrees/model-eval-metrics-discussion/docs/evals/interview-question-eval-official-set-v1-batch1-official-slice.md","Official Set v1 Batch 1 Official Slice","7301cae4a08b3b860039ea53098fcf98f35c1ef98c0d0c98197154bbdbb4279d","本地忽略","隔离成果","待确认","本地隔离成果；尚未接入主仓导航","","本地隔离成果","需人工判断","保持原位","目录与包级规则推断","0",""
".worktrees/model-eval-metrics-discussion/docs/evals/interview-question-eval-official-set-v1-batch1-selection-note.md","访谈追问评估 Official Set v1 Batch 1 筛选说明","d94aa204fa07467b80207518ac20f33997d6f058a097029476ade1976c2ea091","本地忽略","隔离成果","待确认","本地隔离成果；尚未接入主仓导航","","本地隔离成果","需人工判断","保持原位","目录与包级规则推断","0",""
".worktrees/model-eval-metrics-discussion/docs/evals/interview-question-eval-official-set-v1-batch1-template.md","Interview Question Eval Official Set v1 Batch 1 Template","83978cfe5972d1f0cfc6f4b03d6b3eeb991a6e0c4f6620c504bc851b36e83474","本地忽略","隔离成果","待确认","本地隔离成果；尚未接入主仓导航","","本地隔离成果","需人工判断","保持原位","目录与包级规则推断","0",""
".worktrees/model-eval-metrics-discussion/docs/evals/interview-question-eval-official-set-v1-batch1a-annotator-a.md","Official Set v1 Batch 1A 首轮标注结果（Annotator A）","4c03bbc3388ac8ac51f1aacee6ca1fed7fcc617df31a1931dc25e414e5ecda2f","本地忽略","隔离成果","待确认","本地隔离成果；尚未接入主仓导航","","本地隔离成果","需人工判断","保持原位","目录与包级规则推断","0",""
".worktrees/model-eval-metrics-discussion/docs/evals/interview-question-eval-official-set-v1-batch1a-annotator-b.md","访谈追问评估 Official Set v1 Batch 1A 标注结果 B","5c834008e0bc6f02fafb38d6393ed85ebbe9931ac6a5f73e4f0794eb405c8c84","本地忽略","隔离成果","待确认","本地隔离成果；尚未接入主仓导航","","本地隔离成果","需人工判断","保持原位","目录与包级规则推断","0",""
".worktrees/model-eval-metrics-discussion/docs/evals/interview-question-eval-official-set-v1-batch1a-disagreement-report.md","Official Set v1 Batch 1A 差异审查报告","f3cb2e67793749ae47111875b854f30030c9214462468c2ccea1afec9a652f14","本地忽略","隔离成果","待确认","本地隔离成果；尚未接入主仓导航","","本地隔离成果","需人工判断","保持原位","目录与包级规则推断","0",""
".worktrees/model-eval-metrics-discussion/docs/evals/interview-question-eval-official-set-v1-batch1a-lock.md","访谈追问评估 Official Set v1 Batch 1A 锁样清单","08d4586b6978b2528d0b74cfa8269b331c73b56b46adbfd285783cb14d801077","本地忽略","隔离成果","待确认","本地隔离成果；尚未接入主仓导航","","本地隔离成果","需人工判断","保持原位","目录与包级规则推断","0",""
".worktrees/model-eval-metrics-discussion/docs/evals/interview-question-eval-official-set-v1-batch1b-annotator-a.md","Official Set v1 Batch 1B 首轮标注结果（Annotator A）","17cb973850eb5564b1f6376fbffc3358b942772f996536f850200024eb37ee91","本地忽略","隔离成果","待确认","本地隔离成果；尚未接入主仓导航","","本地隔离成果","需人工判断","保持原位","目录与包级规则推断","0",""
".worktrees/model-eval-metrics-discussion/docs/evals/interview-question-eval-official-set-v1-batch1b-annotator-b.md","访谈追问评估 Official Set v1 Batch 1B 标注结果 B","8244804c90dc9c36fe007d865291be977dfd0f19417d4203da0b44f8e6b6eac0","本地忽略","隔离成果","待确认","本地隔离成果；尚未接入主仓导航","","本地隔离成果","需人工判断","保持原位","目录与包级规则推断","0",""
".worktrees/model-eval-metrics-discussion/docs/evals/interview-question-eval-official-set-v1-batch1b-disagreement-report.md","Official Set v1 Batch 1B 差异审查报告","9bf46eca172b205bd4deaeaf03e263c7c0d9af584010f29c25b2d0aeeef4a372","本地忽略","隔离成果","待确认","本地隔离成果；尚未接入主仓导航","","本地隔离成果","需人工判断","保持原位","目录与包级规则推断","0",""
".worktrees/model-eval-metrics-discussion/docs/evals/interview-question-eval-official-set-v1-batch1b-lock.md","访谈追问评估 Official Set v1 Batch 1B 锁样清单","f344e8c4066ea9fda5054852cb108e77e704f1b616ca67ebb7fff4691cb226c0","本地忽略","隔离成果","待确认","本地隔离成果；尚未接入主仓导航","","本地隔离成果","需人工判断","保持原位","目录与包级规则推断","0",""
".worktrees/model-eval-metrics-discussion/docs/evals/interview-question-eval-official-set-v1-batch1c-annotator-a.md","Official Set v1 Batch 1C 首轮标注结果（Annotator A）","3855f80949e5bc16f670a9a77d16b8f067df1313b5e39be39eaa6559d18a438a","本地忽略","隔离成果","待确认","本地隔离成果；尚未接入主仓导航","","本地隔离成果","需人工判断","保持原位","目录与包级规则推断","0",""
".worktrees/model-eval-metrics-discussion/docs/evals/interview-question-eval-official-set-v1-batch1c-annotator-b.md","Official Set v1 Batch 1C Annotator B","88346ee26dccbc64102b88a4150301c4d695577e138b454573f225b0b926fdb7","本地忽略","隔离成果","待确认","本地隔离成果；尚未接入主仓导航","","本地隔离成果","需人工判断","保持原位","目录与包级规则推断","0",""
".worktrees/model-eval-metrics-discussion/docs/evals/interview-question-eval-official-set-v1-batch1c-disagreement-report.md","Official Set v1 Batch 1C 差异审查报告","f92eb2283239f43f890e991a8377370fab9cce6b46d2fe387d5847eae0620c72","本地忽略","隔离成果","待确认","本地隔离成果；尚未接入主仓导航","","本地隔离成果","需人工判断","保持原位","目录与包级规则推断","0",""
".worktrees/model-eval-metrics-discussion/docs/evals/interview-question-eval-official-set-v1-batch1c-lock.md","访谈追问评估 Official Set v1 Batch 1C 锁样清单","fbfb0115b50957c1682d142f28d900e30a710aea166ad1ea762230b37a5ac6b5","本地忽略","隔离成果","待确认","本地隔离成果；尚未接入主仓导航","","本地隔离成果","需人工判断","保持原位","目录与包级规则推断","0",""
".worktrees/model-eval-metrics-discussion/docs/evals/interview-question-eval-official-set-v1-batch1c-postfix-review.md","Official Set v1 Batch 1C 修后复核","a01c0682f55a099be89e1cf18e09a5fbb50837957dc3abef102630384707df71","本地忽略","隔离成果","待确认","本地隔离成果；尚未接入主仓导航","","本地隔离成果","需人工判断","保持原位","目录与包级规则推断","0",""
".worktrees/model-eval-metrics-discussion/docs/evals/interview-question-eval-official-set-v1-candidate-pool-plan.md","访谈追问评估 official set v1 candidate pool 执行方案","48c58894d166db5b325c8eb17c91027d8735cc9b932c17a525c00edd360204e6","本地忽略","隔离成果","待确认","本地隔离成果；尚未接入主仓导航","","本地隔离成果","需人工判断","保持原位","目录与包级规则推断","0",""
".worktrees/model-eval-metrics-discussion/docs/evals/interview-question-eval-official-set-v1-candidate-pool.md","访谈追问评估 Official Set v1 候选池","91e4a091279e47149ede6f4b31246504c8d3f1b01187e35bc0613a7dd6d90b93","本地忽略","隔离成果","待确认","本地隔离成果；尚未接入主仓导航","","本地隔离成果","需人工判断","保持原位","目录与包级规则推断","0",""
".worktrees/model-eval-metrics-discussion/docs/evals/interview-question-eval-official-set-v1-kickoff.md","访谈追问评估 official set v1 kickoff","d98531c4b3f91dd900d897bce291d11b0b3de702a4f171f6b6ed90c7a8803ba8","本地忽略","隔离成果","待确认","本地隔离成果；尚未接入主仓导航","","本地隔离成果","需人工判断","保持原位","目录与包级规则推断","5",""
".worktrees/model-eval-metrics-discussion/docs/evals/interview-question-eval-official-set-v1-lock-criteria.md","访谈追问评估 official set v1 锁样门","e20cbfe10d78242eadc08923e00f8259014edb2dbc8fee22eebc3a913c6f3f79","本地忽略","隔离成果","待确认","本地隔离成果；尚未接入主仓导航","","本地隔离成果","需人工判断","保持原位","目录与包级规则推断","0",""
".worktrees/model-eval-metrics-discussion/docs/evals/interview-question-eval-pilot-annotation-runbook.md","访谈追问评估 Pilot 标注执行 Runbook","6ff78dc01c7486bf011d074ccf4eb2c27edf56ccbcb1857f2198482bd3299825","本地忽略","隔离成果","待确认","本地隔离成果；尚未接入主仓导航","","本地隔离成果","需人工判断","保持原位","目录与包级规则推断","7",""
".worktrees/model-eval-metrics-discussion/docs/evals/interview-question-eval-pilot-round1-disagreement-report.md","访谈追问评估 Pilot Round 1 分歧报告","d0210abf17074889d254b1982a813a0a8e86cc0dfb50178b3ba7b52d1201db5f","本地忽略","隔离成果","待确认","本地隔离成果；尚未接入主仓导航","","本地隔离成果","需人工判断","保持原位","目录与包级规则推断","3",""
".worktrees/model-eval-metrics-discussion/docs/evals/interview-question-eval-pilot-round2-assignment.md","访谈追问评估 Pilot Round 2 分工表","55aea15b6faef7c57c2da920bcbdcce5df01097b198128ba91cdc1af1cad81bf","本地忽略","隔离成果","待确认","本地隔离成果；尚未接入主仓导航","","本地隔离成果","需人工判断","保持原位","目录与包级规则推断","0",""
".worktrees/model-eval-metrics-discussion/docs/evals/interview-question-eval-pilot-round2-batch-template.md","访谈追问评估 Pilot Round 2 样本清单模板","c56127dd5a140198dfe350811c86a785c29d326ad61d074a7f70d328d28c4ee6","本地忽略","隔离成果","待确认","本地隔离成果；尚未接入主仓导航","","本地隔离成果","需人工判断","保持原位","目录与包级规则推断","0",""
".worktrees/model-eval-metrics-discussion/docs/evals/interview-question-eval-pilot-round2-closeout.md","Interview Question Eval Pilot Round 2 Closeout","0e837ebed63105fec8b1bd99bb7c4b941970cf33284131957432cf79a31f55cb","本地忽略","隔离成果","待确认","本地隔离成果；尚未接入主仓导航","","本地隔离成果","需人工判断","保持原位","目录与包级规则推断","0",""
".worktrees/model-eval-metrics-discussion/docs/evals/interview-question-eval-pilot-round2-one-page.md","访谈追问评估 Pilot Round 2 一页版","bc132466e7aa644b0336151f0a2b043f4096c8c6573a961cc88cbe3f93f14072","本地忽略","隔离成果","待确认","本地隔离成果；尚未接入主仓导航","","本地隔离成果","需人工判断","保持原位","目录与包级规则推断","4",""
".worktrees/model-eval-metrics-discussion/docs/evals/interview-question-eval-pilot-round2-plan.md","访谈追问评估 Pilot Round 2 执行方案","3006027dea7e65f6c66b3c547cfef1e12faeca85314c3c80a967193093728f0d","本地忽略","隔离成果","待确认","本地隔离成果；尚未接入主仓导航","","本地隔离成果","需人工判断","保持原位","目录与包级规则推断","4",""
".worktrees/model-eval-metrics-discussion/docs/evals/interview-question-eval-pilot-round2-r2a-annotator-a.md","Pilot Round 2 R2-A Annotator A","a38a5c24747ce4a3b09fc667b3512931e6965ba32c54ff16210644db7c61071a","本地忽略","隔离成果","待确认","本地隔离成果；尚未接入主仓导航","","本地隔离成果","需人工判断","保持原位","目录与包级规则推断","0",""
".worktrees/model-eval-metrics-discussion/docs/evals/interview-question-eval-pilot-round2-r2a-annotator-b.md","Pilot Round 2 `R2-A` 标注结果（Annotator B）","82caa68a417de601e2c2dbb8ddd7dcfdde509caa6093648bd089c95f8c20c047","本地忽略","隔离成果","待确认","本地隔离成果；尚未接入主仓导航","","本地隔离成果","需人工判断","保持原位","目录与包级规则推断","0",""
".worktrees/model-eval-metrics-discussion/docs/evals/interview-question-eval-pilot-round2-r2a-disagreement-report.md","Pilot Round 2 `R2-A` 差异审查报告","26f61f9a76e9875d3c325190d4f5bbc0917eb49108c55e1ecfc0d309473d1c26","本地忽略","隔离成果","待确认","本地隔离成果；尚未接入主仓导航","","本地隔离成果","需人工判断","保持原位","目录与包级规则推断","0",""
".worktrees/model-eval-metrics-discussion/docs/evals/interview-question-eval-pilot-round2-r2a-lock.md","访谈追问评估 Pilot Round 2 `R2-A` 锁样清单","589e664f9aa6c76715a9c1c109c4a74a0ce6936f76c2065c0327c5bd3649f86b","本地忽略","隔离成果","待确认","本地隔离成果；尚未接入主仓导航","","本地隔离成果","需人工判断","保持原位","目录与包级规则推断","0",""
".worktrees/model-eval-metrics-discussion/docs/evals/interview-question-eval-pilot-round2-r2b-annotator-a.md","Pilot Round 2 R2-B Annotator A","dcb31b3ab46277bf9d39ecb495ebfa8b32655b26dece8370ac97cf081cfb378c","本地忽略","隔离成果","待确认","本地隔离成果；尚未接入主仓导航","","本地隔离成果","需人工判断","保持原位","目录与包级规则推断","0",""
".worktrees/model-eval-metrics-discussion/docs/evals/interview-question-eval-pilot-round2-r2b-annotator-b.md","访谈追问评估 Pilot Round 2 `R2-B` 标注结果 B","81cdfacbaa3e500b41d61416a0411bb277023f13b32871bec2c3371e47f138a8","本地忽略","隔离成果","待确认","本地隔离成果；尚未接入主仓导航","","本地隔离成果","需人工判断","保持原位","目录与包级规则推断","0",""
".worktrees/model-eval-metrics-discussion/docs/evals/interview-question-eval-pilot-round2-r2b-disagreement-report.md","Pilot Round 2 `R2-B` 差异审查报告","84612d4237c521293a33299e8f2056be3ae23ff237c13083fe790f1628503377","本地忽略","隔离成果","待确认","本地隔离成果；尚未接入主仓导航","","本地隔离成果","需人工判断","保持原位","目录与包级规则推断","0",""
".worktrees/model-eval-metrics-discussion/docs/evals/interview-question-eval-pilot-round2-r2b-lock.md","访谈追问评估 Pilot Round 2 `R2-B` 锁样清单","c52d3d3f4053e6946248558143fdb064f8f1d9fdd4692a5bca10f5ddc4a4eb22","本地忽略","隔离成果","待确认","本地隔离成果；尚未接入主仓导航","","本地隔离成果","需人工判断","保持原位","目录与包级规则推断","0",""
".worktrees/model-eval-metrics-discussion/docs/evals/interview-question-eval-pilot-round2-r2c-annotator-a.md","Pilot Round 2 R2-C Annotator A","5d5e076ae9ac5e97c7bc5f74b859ceb8622c4c54b1a0b320a24544d55303c9c8","本地忽略","隔离成果","待确认","本地隔离成果；尚未接入主仓导航","","本地隔离成果","需人工判断","保持原位","目录与包级规则推断","0",""
".worktrees/model-eval-metrics-discussion/docs/evals/interview-question-eval-pilot-round2-r2c-annotator-b.md","访谈追问评估 Pilot Round 2 `R2-C` 标注结果 B","9a70888dcc02739c2cae17cb713e610d3c4cd1c7d4456e52c036e5fd0428c892","本地忽略","隔离成果","待确认","本地隔离成果；尚未接入主仓导航","","本地隔离成果","需人工判断","保持原位","目录与包级规则推断","0",""
".worktrees/model-eval-metrics-discussion/docs/evals/interview-question-eval-pilot-round2-r2c-disagreement-report.md","Pilot Round 2 `R2-C` 差异审查报告","eb027635b8f3d66a31ba1767efa5c4e456cfe094372bc142caefb36ce4a7e191","本地忽略","隔离成果","待确认","本地隔离成果；尚未接入主仓导航","","本地隔离成果","需人工判断","保持原位","目录与包级规则推断","0",""
".worktrees/model-eval-metrics-discussion/docs/evals/interview-question-eval-pilot-round2-r2c-lock.md","访谈追问评估 Pilot Round 2 `R2-C` 锁样清单","e0beeb489e33f8ffffff0a9066050da92dc1035b22a673f200cada84a859685f","本地忽略","隔离成果","待确认","本地隔离成果；尚未接入主仓导航","","本地隔离成果","需人工判断","保持原位","目录与包级规则推断","0",""
".worktrees/model-eval-metrics-discussion/docs/evals/interview-question-eval-pilot-round2-r2c-postfix-review.md","R2-C 修后复核结论","924aca99f074dc5d1cd73d1b4d5da112e4af8b97c6107d59ed61320af05800f8","本地忽略","隔离成果","待确认","本地隔离成果；尚未接入主仓导航","","本地隔离成果","需人工判断","保持原位","目录与包级规则推断","0",""
".worktrees/model-eval-metrics-discussion/docs/evals/interview-question-eval-pilot-round2-sourcing-priority.md","访谈追问评估 Pilot Round 2 拉样优先级","fa63d5f68cb13cd8e16a984f680268a362f74be9ce3e118a4d0ec4c030144236","本地忽略","隔离成果","待确认","本地隔离成果；尚未接入主仓导航","","本地隔离成果","需人工判断","保持原位","目录与包级规则推断","0",""
".worktrees/model-eval-metrics-discussion/docs/plans/2026-05-31-interview-question-eval-annotation-guide.md","访谈追问模型评估标注规范","d195d48fe98f3be808f2e591d7d832e38a5385b4dbe5448418d82a85c00790e8","本地忽略","隔离成果","待确认","本地隔离成果；尚未接入主仓导航","","本地隔离成果","需人工判断","保持原位","目录与包级规则推断","0",""
".worktrees/model-eval-metrics-discussion/docs/plans/2026-05-31-interview-question-eval-metrics.md","访谈追问模型评估指标设计","71078e70a4b972be8483505d218416ecff3e54b8b8432934391eb25951e5b355","本地忽略","隔离成果","待确认","本地隔离成果；尚未接入主仓导航","","本地隔离成果","需人工判断","保持原位","目录与包级规则推断","0",""
".worktrees/model-eval-metrics-discussion/docs/plans/2026-06-11-interview-question-eval-master-plan.md","访谈追问模型评估主线总计划","7fd427bd1eebc531e41a88a804eb74c7b2f18a281c57aab247f5ffd0865c6df6","本地忽略","隔离成果","待确认","本地隔离成果；尚未接入主仓导航","","本地隔离成果","需人工判断","保持原位","目录与包级规则推断","19",""
".worktrees/model-eval-metrics-discussion/docs/plans/2026-06-11-interview-question-eval-set-construction.md","访谈追问模型评估集构造方案","720e4e2257638bddf3925a52c1ab825756a48bd58a55fe763303e41be7c480b7","本地忽略","隔离成果","待确认","本地隔离成果；尚未接入主仓导航","","本地隔离成果","需人工判断","保持原位","目录与包级规则推断","0",""
"AGENT.md","Deprecated Project Guide","3103db17776f6fee767c6685fd32a5bd94328cb0538359460bffd78fe4ea347b","已跟踪","兼容指针","历史证据","README.md","","公开仓库","保留兼容指针","保持原位","目录与包级规则推断","1",""
"AGENTS.md","Happiness-system-codex AGENTS","3a6672f2572c6e1baa4722755058fc4c23d1774a759f00ff64d3eb3235d6f637","已跟踪","Agent 协作规则","现役","[`docs/README.md`](./docs/README.md)","","公开仓库","保留","本轮已复核","显式元数据","13",""
"DESIGN.md","Daily Light Design System","0a76cf2c8fdf0c9453ec4fb071d2b10cb8bfce20b40e12ae184fdf8fc727d61d","已跟踪","稳定合同","现役","docs/README.md","","公开仓库","保留","本轮已复核","显式元数据","8",""
"PRODUCT.md","Daily Light Product Context","e6427ae1c719f30f6448b751b20e4cdecfd332a5e5b9c6047b94d98d4aecb2c3","已跟踪","稳定合同","现役","[Daily Light 文档导航](./docs/README.md)","","公开仓库","保留","本轮已复核","显式元数据","5",""
"README.md","Happiness-system-codex","8c7e4649372ad9f435d162b78b8379adc00efba1edf8f021377722ecf40d0914","已跟踪","项目入口","现役","[Daily Light 文档导航](./docs/README.md)","","公开仓库","保留","本轮已复核","显式元数据","26",""
"Tech_Design.md","Tech Design","128799250f9597182c9454ccae679b422be9a73dee768f9d3d2e9c1227f20b88","已跟踪","历史证据","历史证据","[当前架构](./docs/architecture.md)","","公开仓库","保留","本轮已复核","显式元数据","1",""
"artifacts/README.md","评测与运行证据导航","2f5c27d45f27c2ba5e2755d8daa7f85629f34df02385befc21b611468fa8472c","已跟踪","证据索引","现役","[项目知识导航](../docs/README.md)","","公开证据","保留证据","包级索引已收口","显式元数据","17",""
"artifacts/ai-evaluation-governance/2026-08-13-v0.9-stage-a-acceptance.md","Daily Light AI 评测总规范 v0.9｜阶段 A 验收记录","1ae73c2905e43feadb5dba0fab5a0e217d214114a8fa13ae10b09a345b0545b2","已跟踪","历史证据","历史证据","artifacts/README.md","","公开证据","保留证据","保持原位","目录与包级规则推断","9",""
"artifacts/daily-light-visual-review/2026-08-12/README.md","Daily Light 视觉验收稿","e6ef29c4def7bdf227058d629381b47c7bb9820af70f5a7cfaba9a9f5232a8ef","已跟踪","证据索引","历史证据","artifacts/daily-light-visual-review/README.md","artifacts/daily-light-visual-review/2026-08-13-production-release/README.md","公开脱敏证据","保留证据","保持原位","目录与包级规则推断","0",""
"artifacts/daily-light-visual-review/2026-08-13-full-system-redesign/README.md","Daily Light 全站重构视觉验收","4c4d8030f445646eee4660fc8b47fcdfcfcce07662fbce780d27d78f4fbd2c2a","已跟踪","证据索引","历史证据","artifacts/daily-light-visual-review/README.md","artifacts/daily-light-visual-review/2026-08-13-production-release/README.md","公开脱敏证据","保留证据","保持原位","目录与包级规则推断","0",""
"artifacts/daily-light-visual-review/2026-08-13-production-release/README.md","Daily Light 第二轮验收基线 Production 发布证据","55ac6f26f88ca3c68dba5b1e4f199fd4ca784d9cd8749402ee548cc821400686","已跟踪","证据索引","已完成","artifacts/daily-light-visual-review/README.md","","公开脱敏证据","保留证据","保持原位","目录与包级规则推断","0",""
"artifacts/daily-light-visual-review/2026-08-13-production-typography-color/README.md","Daily Light 上线前字体与色阶增强证据","11d73a0e3afb606c08465c35ca4a873f15f333a40c55f5217b75c7810b47e452","已跟踪","证据索引","历史证据","artifacts/daily-light-visual-review/README.md","artifacts/daily-light-visual-review/2026-08-13-production-release/README.md","公开脱敏证据","保留证据","保持原位","目录与包级规则推断","0",""
"artifacts/daily-light-visual-review/2026-08-13-second-round-closeout/README.md","Daily Light 第二轮零写入视觉证据","15477de075cd7c61715b4d0d6a69960590d3faf5ed6e1d51c7d2e4c71595781e","已跟踪","证据索引","已完成","artifacts/daily-light-visual-review/README.md","","公开脱敏证据","保留证据","保持原位","目录与包级规则推断","1",""
"artifacts/daily-light-visual-review/README.md","Daily Light 网页端视觉、验收与发布证据索引","de30fee0acf87f9c17804353d2142c929a43f8c898acee10775d285872d6f4bf","已跟踪","证据索引","现役","[Vercel Preview 与 Production 主线](../../docs/vercel-preview-production-lane.md)","artifacts/daily-light-visual-review/2026-08-13-production-release/README.md","公开脱敏证据","保留证据","本轮已复核","显式元数据","8",""
"artifacts/event-centered-batch-b-formal-v11-human-review.md","Batch B 发布前人工抽检","d4c765f3fe61d6f3049e52e154521d221767196e966ba5f4d5ae199fac1b51df","已跟踪","历史证据","历史证据","artifacts/README.md","","公开脱敏证据","保留证据","保持原位","目录与包级规则推断","0",""
"artifacts/event-centered-batch-b-formal-v22-human-review.md","Batch B 发布前人工抽检","8f5e11017287d2fded8400559b51595b8c38a423bc1246b36d16edb1c4be3ad3","已跟踪","历史证据","历史证据","artifacts/README.md","","公开脱敏证据","保留证据","保持原位","目录与包级规则推断","0",""
"artifacts/event-centered-batch-b-manifest.md","Event-centered Batch B 历史证据清单","56cc923cde954d8859d0b4c7683fae11482d7fd0041c583b927c31607a623590","已跟踪","历史证据","历史证据","artifacts/README.md","","公开证据","保留证据","保持原位","目录与包级规则推断","3",""
"artifacts/event-centered-batch-b-v23-probe-single-event-human-review.md","Batch B 发布前人工抽检","83e291d655ac58980bbeb98d32b716c29f1da17b3b3984fae3fc76476699055d","已跟踪","历史证据","历史证据","artifacts/README.md","","公开脱敏证据","保留证据","保持原位","目录与包级规则推断","0",""
"artifacts/event-centered-batch-b-v23-probe-two-event-human-review.md","Batch B 发布前人工抽检","b4050a4ce6d55d8c6f3888c1c21468a66a762ae1d784d21bffccfc4d76fcde58","已跟踪","历史证据","历史证据","artifacts/README.md","","公开脱敏证据","保留证据","保持原位","目录与包级规则推断","0",""
"artifacts/event-centered-batch-b-v23-smoke-24-human-review.md","Batch B 发布前人工抽检","0c55214c8d0088db25a2ae7714da4c99f3dc6d31453494497ddaf18c6b4a4667","已跟踪","历史证据","历史证据","artifacts/README.md","","公开脱敏证据","保留证据","保持原位","目录与包级规则推断","0",""
"artifacts/event-centered-batch-b-v23-smoke-6-human-review.md","Batch B 发布前人工抽检","b703894b5896322a982e4d1bf78783e6770abe10b0b5e90a1ea0ac9acdc124b4","已跟踪","历史证据","历史证据","artifacts/README.md","","公开脱敏证据","保留证据","保持原位","目录与包级规则推断","0",""
"artifacts/event-centered-batch-b-v27-flash-pro-smoke-24-r2-human-review.md","Batch B 发布前人工抽检","4993758f2405a61d0ffb26ffde79d63953e24734058fd29ba83d673e3cd5eda9","已跟踪","历史证据","历史证据","artifacts/README.md","","公开脱敏证据","保留证据","保持原位","目录与包级规则推断","0",""
"artifacts/event-centered-batch-b-v27-smoke-24-human-review.md","Batch B 发布前人工抽检","9bbe3eeb1250e88e1892ef9ba49c9286378d7d30a89cf61fdd5a730fbe89473d","已跟踪","历史证据","历史证据","artifacts/README.md","","公开脱敏证据","保留证据","保持原位","目录与包级规则推断","0",""
"artifacts/event-centered-batch-b-v27-smoke-24-r2-human-review.md","Batch B 发布前人工抽检","496485bed3568f36c7b670916cf30f84a11ed842ce565fc8de47437f0cc8fbf4","已跟踪","历史证据","历史证据","artifacts/README.md","","公开脱敏证据","保留证据","保持原位","目录与包级规则推断","0",""
"artifacts/event-centered-batch-b-v27-smoke-24-r3-human-review.md","Batch B 发布前人工抽检","cfe31d0e3c611779746a7e737f5b7e34a585bbac71efc5f36e765e8fd9e2c6ab","已跟踪","历史证据","历史证据","artifacts/README.md","","公开脱敏证据","保留证据","保持原位","目录与包级规则推断","0",""
"artifacts/generative-interview-board6/2026-08-06/README.md","板块 6｜首批人工校准资产入口","142384e91bf6c0a4d7ca7a24ca3111f0470c148b719df186bbd6f5656a188532","已跟踪","证据索引","历史证据","artifacts/README.md","","公开证据","保留证据","保持原位","目录与包级规则推断","3",""
"artifacts/generative-interview-board6/2026-08-06/board6-calibration-8cards-v1-blind.md","板块 6｜首批 8 张校准卡 v1（盲评材料）","79e7866ef305752932af268ffd26371d3a610f2ce792910bb8e1d6427efde2f4","已跟踪","历史证据","历史证据","artifacts/README.md","","公开脱敏证据","保留证据","保持原位","目录与包级规则推断","0",""
"artifacts/generative-interview-board6/2026-08-06/board6-calibration-8cards-v1-codex-review.md","板块 6｜首批 8 张校准卡 v1（Codex 独立初评）","18961953f4c0c059c260b45a4d3c09b1d9614e1293742d5c57dd4e378d22d57c","已跟踪","历史证据","历史证据","artifacts/README.md","","公开脱敏证据","保留证据","保持原位","目录与包级规则推断","9",""
"artifacts/generative-interview-board6/2026-08-06/board6-calibration-8cards-v1-reconciliation.md","板块 6｜首批 8 张校准卡裁决收口与方法发现","f494c1275d8bb7838774ff6a98d7c1a439493a8d2ba5e18b3feefb18ee16573f","已跟踪","历史证据","历史证据","artifacts/README.md","","公开证据","保留证据","保持原位","目录与包级规则推断","2",""
"artifacts/generative-interview-board6/2026-08-13-gi088-dual-track-v1/README.md","GI-088 评测资产｜先回应后整理与长等待根因当前入口","e09fc58fffa5244052d0d10aa2f0b70db61a3ccb1f8d4ae1f8d0a1a7b34b678d","已跟踪","证据索引","现役","[生成式访谈重构总 Map](../../../docs/generative-interview-refactor-map.md)","","公开证据","保留证据","本轮已复核","显式元数据","64",""
"artifacts/generative-interview-board6/2026-08-13-gi088-dual-track-v1/evaluation-asset-review-v1-handoff.md","GI-088 评测资产可视化审题包 v1｜Handoff","d94cddab29b23829337ee7aa9d66128cf888ac04e910744e8280507a6a041f12","已跟踪","本轮评审包交接","已撤回·错误交付历史快照","[GI-088 评测资产入口](./README.md)","","公开脱敏证据","保留证据","保持原位","显式元数据","3",""
"artifacts/generative-interview-board6/2026-08-13-gi088-dual-track-v1/event-relationship-explanation-retest-v1-handoff.md","GI-088 事件关系解释修复｜10 题复测交接","feb2a842ec02c778ea3a7de284affb3b24f03163d9085a1d1a3ea53cf20bfc52","已跟踪","历史证据","已完成","artifacts/generative-interview-board6/2026-08-13-gi088-dual-track-v1/README.md","","公开证据","保留证据","保持原位","目录与包级规则推断","0",""
"artifacts/generative-interview-board6/2026-08-13-gi088-dual-track-v1/historical-real-gold-v1-handoff.md","GI-088 历史真实金标库 v1｜交接","4f6d72a6432ce712de7bf7d38c9d9e1dffda271f7a7e86fba76e3be926f40aaf","已跟踪","历史证据","已完成","artifacts/generative-interview-board6/2026-08-13-gi088-dual-track-v1/README.md","","公开证据","保留证据","保持原位","目录与包级规则推断","2",""
"artifacts/generative-interview-board6/2026-08-13-gi088-dual-track-v1/independent-hidden-authoring-handoff.md","GI-088 隐藏 12｜独立建设任务交接","247fe3956b8426b1c3d7c02a569c8325b9810c647f6f3288fab7518809fa14f2","已跟踪","历史证据","已完成","artifacts/generative-interview-board6/2026-08-13-gi088-dual-track-v1/README.md","","公开脱敏证据","保留证据","保持原位","目录与包级规则推断","1",""
"artifacts/generative-interview-board6/2026-08-13-gi088-dual-track-v1/judge-prompt-v1.md","GI-088 Judge Prompt v1","6426061d719ba51e5464116579fbea3d55157d60bbd344382f1d7186a3b7bf41","已跟踪","历史证据","历史证据","artifacts/generative-interview-board6/2026-08-13-gi088-dual-track-v1/README.md","artifacts/generative-interview-board6/2026-08-13-gi088-dual-track-v1/README.md","公开脱敏证据","保留证据","保持原位","目录与包级规则推断","0",""
"artifacts/generative-interview-board6/2026-08-13-gi088-dual-track-v1/real-conversation-review-v2-handoff.md","GI-088 真实对话证据审题包 v2｜交接","03dc3419f06380d113c76a477953b7fb730d1eb4f4292a36763d3cca7d39b790","已跟踪","历史证据","已完成","artifacts/generative-interview-board6/2026-08-13-gi088-dual-track-v1/README.md","","公开脱敏证据","保留证据","保持原位","目录与包级规则推断","3",""
"artifacts/generative-interview-board6/2026-08-13-gi088-dual-track-v1/real-problem-regression-v1-handoff.md","GI-088 真实问题回归集 v1｜交接","c103d9d047dbe67d0a8d983f3f6baaed8ae754f47044efc16237a486e00780d4","已跟踪","历史证据","已完成","artifacts/generative-interview-board6/2026-08-13-gi088-dual-track-v1/README.md","","公开证据","保留证据","保持原位","目录与包级规则推断","1",""
"artifacts/generative-interview-board6/2026-08-13-gi088-dual-track-v1/real-problem-regression-v1.1-handoff.md","GI-088 真实问题回归集 v1.1｜交接","6b5b939095337fd6b498c352645c57f62e607698f096c6d71a83f867ed3c2c99","已跟踪","历史证据","已完成","artifacts/generative-interview-board6/2026-08-13-gi088-dual-track-v1/README.md","","公开证据","保留证据","保持原位","目录与包级规则推断","1",""
"artifacts/generative-interview-board6/2026-08-13-gi088-dual-track-v1/real-problem-regression-v1.2-handoff.md","GI-088 真实问题回归集 v1.2｜交接","8db644d7f2f141ee847c9baaa618bf055271bd3ced9b49ef80a043283c81538d","已跟踪","历史证据","已完成","artifacts/generative-interview-board6/2026-08-13-gi088-dual-track-v1/README.md","","公开证据","保留证据","保持原位","目录与包级规则推断","1",""
"artifacts/generative-interview-board6/2026-08-13-gi088-dual-track-v1/real-problem-sentinel-baseline-v1-handoff.md","GI-088 真实问题 9 题基线｜结果交接","047b3254aa34ea28ec367d9aca77d4907570f64b0e7a2b1514b0c74684565b09","已跟踪","历史证据","已完成","artifacts/generative-interview-board6/2026-08-13-gi088-dual-track-v1/README.md","","公开证据","保留证据","保持原位","目录与包级规则推断","0",""
"artifacts/generative-interview-board6/2026-08-13-gi088-dual-track-v1/relationship-claim-status-probe-v1-handoff.md","GI-088 relationship_claim_status_v1｜两题探针启动卡","5eaf154587b7aabe83304f09a1bd0f19953fee1872492897feea0b48b585fb5e","已跟踪","历史证据","已完成","artifacts/generative-interview-board6/2026-08-13-gi088-dual-track-v1/README.md","","公开证据","保留证据","保持原位","目录与包级规则推断","0",""
"artifacts/generative-interview-board6/2026-08-13-gi088-dual-track-v1/relationship-claim-status-probe-v1-result-handoff.md","GI-088 relationship_claim_status_v1｜两题探针结果","d3b6f4605252a09e353af9239902b6160415993e10b6fb9467a97fcf26197731","已跟踪","历史证据","已完成","artifacts/generative-interview-board6/2026-08-13-gi088-dual-track-v1/README.md","","公开证据","保留证据","保持原位","目录与包级规则推断","0",""
"artifacts/generative-interview-board6/2026-08-13-gi088-dual-track-v1/response-first-two-stage-v1-handoff.md","GI-088｜先回应后整理与职责重划零调用交接","340bec518647a4faa8a75db7a039cf42ed833bb0add593948657004279c36b3b","已跟踪","证据交接","待验证","[生成式访谈重构总 Map](../../../docs/generative-interview-refactor-map.md)","","公开证据","保留证据","保持原位","显式元数据","1",""
"artifacts/generative-interview-board6/2026-08-13-gi088-dual-track-v1/response-first-visible-quality-v1-handoff.md","GI-088｜首段六题质量门","b63898b9614dae7d60ab1d4c064287f9f5ba126805f405d1b85aaf683072b3f8","已跟踪","历史证据","已完成","artifacts/generative-interview-board6/2026-08-13-gi088-dual-track-v1/README.md","","公开证据","保留证据","保持原位","目录与包级规则推断","0",""
"artifacts/generative-interview-board6/2026-08-13-gi088-dual-track-v1/response-latency-contract-ab-v1-handoff.md","GI-088｜响应等待合同 A/B 启动卡","c29cfdd76d3832b50c6db89a94c55bf3360ab2bd803f494436c7b8b3b091588c","已跟踪","历史证据","已完成","artifacts/generative-interview-board6/2026-08-13-gi088-dual-track-v1/README.md","","公开证据","保留证据","保持原位","目录与包级规则推断","0",""
"artifacts/generative-interview-board6/2026-08-13-gi088-dual-track-v1/response-latency-contract-ab-v1-result-handoff.md","GI-088｜响应等待合同 A/B 结果","9d85cfed7ee1683f5167101f1226f6599a5ea1b1f3adb368d1102faa53a6336c","已跟踪","历史证据","已完成","artifacts/generative-interview-board6/2026-08-13-gi088-dual-track-v1/README.md","","公开证据","保留证据","保持原位","目录与包级规则推断","0",""
"artifacts/generative-interview-board6/2026-08-13-gi088-dual-track-v1/stage-b-acceptance.md","GI-088 阶段 B｜零调用资产验收记录","054cb7340cfed29e019d41173129615dd1292814f60caa51770d95f0453025cb","已跟踪","历史证据","历史证据","artifacts/generative-interview-board6/2026-08-13-gi088-dual-track-v1/README.md","artifacts/generative-interview-board6/2026-08-13-gi088-dual-track-v1/README.md","公开证据","保留证据","保持原位","目录与包级规则推断","10",""
"artifacts/generative-interview-board6/2026-08-13-gi088-dual-track-v1/stage-b-gap-report.md","GI-088 阶段 B｜资产差距报告","9479c53c8c33ef7ac5146a0b81e6981575461c7692d2eae042d12173cca8a685","已跟踪","历史证据","历史证据","artifacts/generative-interview-board6/2026-08-13-gi088-dual-track-v1/README.md","artifacts/generative-interview-board6/2026-08-13-gi088-dual-track-v1/README.md","公开证据","保留证据","保持原位","目录与包级规则推断","0",""
"artifacts/generative-interview-board6/2026-08-13-gi088-dual-track-v1/stage-c-handoff.md","GI-088 阶段 C Judge 校准 Handoff","dceca02d8052555c5352ab217d52403dcd7f9059f59101ee7cc424e739cc4a56","已跟踪","历史证据","历史证据","artifacts/generative-interview-board6/2026-08-13-gi088-dual-track-v1/README.md","artifacts/generative-interview-board6/2026-08-13-gi088-dual-track-v1/README.md","公开证据","保留证据","保持原位","目录与包级规则推断","1",""
"artifacts/generative-interview-board6/2026-08-13-gi088-dual-track-v1/stage-c2-handoff.md","GI-088 阶段 C2 Judge 校准 Handoff","b0861e043674b097dedca8b82080e009935bfc40625f2c03a8dc96aa6c78e4db","已跟踪","历史证据","历史证据","artifacts/generative-interview-board6/2026-08-13-gi088-dual-track-v1/README.md","artifacts/generative-interview-board6/2026-08-13-gi088-dual-track-v1/README.md","公开证据","保留证据","保持原位","目录与包级规则推断","1",""
"artifacts/generative-interview-board6/2026-08-13-gi088-dual-track-v1/stage-c3-handoff.md","GI-088 阶段 C3｜第一停止点 Handoff","fe8ea662dfaeb944ebb7e1f9a5ad288748a73b33ceda47273704d3a482ae3dfa","已跟踪","历史证据","现役","artifacts/generative-interview-board6/2026-08-13-gi088-dual-track-v1/README.md","","公开证据","保留证据","保持原位","目录与包级规则推断","2",""
"artifacts/generative-interview-board6/2026-08-13-gi088-dual-track-v1/stage-c3-product-ruler-v1.md","GI-088 阶段 C3 产品判尺 v1","55bb96ba2baab57f9c63a25f2d1dd14b5dea21704a8709524c608987e58f1c16","已跟踪","历史证据","现役","artifacts/generative-interview-board6/2026-08-13-gi088-dual-track-v1/README.md","","公开证据","保留证据","保持原位","目录与包级规则推断","0",""
"artifacts/generative-interview-board6/2026-08-13-gi088-dual-track-v1/visible-contract-burden-ab-v1-handoff.md","GI-088｜可见合同负担 A/B 结果","329ae48291142ff4b1559acfb8556080a29601655518b79165d6f12801f0fe92","已跟踪","历史证据","已完成","artifacts/generative-interview-board6/2026-08-13-gi088-dual-track-v1/README.md","","公开证据","保留证据","保持原位","目录与包级规则推断","0",""
"artifacts/generative-interview-board6/README.md","Board 6 评测资产索引","420d794a4680754159d05b75a2759372f5763e08e5bc5babd94eec6fdd7d0850","已跟踪","证据索引","现役","[生成式访谈总 Map](../../docs/generative-interview-refactor-map.md)","","公开证据","保留证据","本轮已复核","显式元数据","4",""
"artifacts/generative-interview-board7/2026-07-28/candidate-v3100-t02-report.md","T02 完整轨迹","8d9a5a25559b142046b1f2ce6161b369cbe275dbe511299d7c15e6fdbbc4eaa9","已跟踪","历史证据","历史证据","artifacts/generative-interview-board7/README.md","docs/generative-interview-refactor-map.md","公开证据","保留历史证据","保持原位","目录与包级规则推断","0",""
"artifacts/generative-interview-board7/2026-07-28/candidate-v3100-t03-report.md","T03 完整轨迹","ec25e1398ba98598e2d30d874910c2d7cbabbe91311c59425f2669aef7b8263d","已跟踪","历史证据","历史证据","artifacts/generative-interview-board7/README.md","docs/generative-interview-refactor-map.md","公开证据","保留历史证据","保持原位","目录与包级规则推断","0",""
"artifacts/generative-interview-board7/2026-07-28/candidate-v3100-t06-report.md","T06 完整轨迹","f2983f34278c7b9a6baeb6662b1c853649fb67f97c0782ba6638c6a3401d9c69","已跟踪","历史证据","历史证据","artifacts/generative-interview-board7/README.md","docs/generative-interview-refactor-map.md","公开证据","保留历史证据","保持原位","目录与包级规则推断","0",""
"artifacts/generative-interview-board7/2026-07-28/candidate-v3100-t07-report.md","T07 完整轨迹","fd32b99ef4610f78ca46369ae22bc4355a032cbde0e6b21d453301a336b684c2","已跟踪","历史证据","历史证据","artifacts/generative-interview-board7/README.md","docs/generative-interview-refactor-map.md","公开证据","保留历史证据","保持原位","目录与包级规则推断","0",""
"artifacts/generative-interview-board7/2026-07-28/candidate-v3110-t02-report.md","T02 完整轨迹","3c7b25fded1f6e6ae2d7adee1b8c102f2ef82ff3d83a39179b336354f1b97e8b","已跟踪","历史证据","历史证据","artifacts/generative-interview-board7/README.md","docs/generative-interview-refactor-map.md","公开证据","保留历史证据","保持原位","目录与包级规则推断","0",""
"artifacts/generative-interview-board7/2026-07-28/candidate-v3110-t03-report.md","T03 完整轨迹","d7a2509ae7258e327ed7ddc6259efd1f4fdc9e42b2ba6240d610753cca5cb00b","已跟踪","历史证据","历史证据","artifacts/generative-interview-board7/README.md","docs/generative-interview-refactor-map.md","公开证据","保留历史证据","保持原位","目录与包级规则推断","0",""
"artifacts/generative-interview-board7/2026-07-28/candidate-v3110-t06-report.md","T06 完整轨迹","b7adbe2fabbed8370ed52a5ec84c3ae1e6125ee8119d9d5ca6f04bbb3a976c0a","已跟踪","历史证据","历史证据","artifacts/generative-interview-board7/README.md","docs/generative-interview-refactor-map.md","公开证据","保留历史证据","保持原位","目录与包级规则推断","0",""
"artifacts/generative-interview-board7/2026-07-28/candidate-v3110-t07-report.md","T07 完整轨迹","0ee91fa30b08f03f461588a9046a0263a56db69ae2707218a6694ab05a727e09","已跟踪","历史证据","历史证据","artifacts/generative-interview-board7/README.md","docs/generative-interview-refactor-map.md","公开证据","保留历史证据","保持原位","目录与包级规则推断","0",""
"artifacts/generative-interview-board7/2026-07-28/candidate-v3120-t02-report.md","T02 完整轨迹","2d43cd5f22e4482b86ed6b0e314ce385be4293f8d5ed5c7407914e4feae46346","已跟踪","历史证据","历史证据","artifacts/generative-interview-board7/README.md","docs/generative-interview-refactor-map.md","公开证据","保留历史证据","保持原位","目录与包级规则推断","0",""
"artifacts/generative-interview-board7/2026-07-28/candidate-v3120-t03-report.md","T03 完整轨迹","2c0199b264c2cb5e62b43e7e91a7f4a33e206a47e908c126f70c9fe9c725c266","已跟踪","历史证据","历史证据","artifacts/generative-interview-board7/README.md","docs/generative-interview-refactor-map.md","公开证据","保留历史证据","保持原位","目录与包级规则推断","0",""
"artifacts/generative-interview-board7/2026-07-28/candidate-v3120-t06-report.md","T06 完整轨迹","f6ddc18d120a7dffeea2d6458db91afd980a1ac889ae0b982cd8d6fd95736756","已跟踪","历史证据","历史证据","artifacts/generative-interview-board7/README.md","docs/generative-interview-refactor-map.md","公开证据","保留历史证据","保持原位","目录与包级规则推断","0",""
"artifacts/generative-interview-board7/2026-07-28/candidate-v3120-t07-report.md","T07 完整轨迹","6759fac65ccea462978ad82c4bca06ae63ae777acdaf849da07f6ba498997529","已跟踪","历史证据","历史证据","artifacts/generative-interview-board7/README.md","docs/generative-interview-refactor-map.md","公开证据","保留历史证据","保持原位","目录与包级规则推断","0",""
"artifacts/generative-interview-board7/2026-07-28/candidate-v3130-t02-report.md","T02 完整轨迹","a35658ded566aa44004b2f1af5e99c5211038442569ac15917578ca9305dca12","已跟踪","历史证据","历史证据","artifacts/generative-interview-board7/README.md","docs/generative-interview-refactor-map.md","公开证据","保留历史证据","保持原位","目录与包级规则推断","0",""
"artifacts/generative-interview-board7/2026-07-28/candidate-v3130-t03-report.md","T03 完整轨迹","64e28d0a4e22f2dd13349583ed5bf19aaa0fe18baa0d7c399424892aab45aac2","已跟踪","历史证据","历史证据","artifacts/generative-interview-board7/README.md","docs/generative-interview-refactor-map.md","公开证据","保留历史证据","保持原位","目录与包级规则推断","0",""
"artifacts/generative-interview-board7/2026-07-28/candidate-v3130-t06-report.md","T06 完整轨迹","833500235718e00a7b363157aa6afc318a548d243a1364435d8b32867cbef852","已跟踪","历史证据","历史证据","artifacts/generative-interview-board7/README.md","docs/generative-interview-refactor-map.md","公开证据","保留历史证据","保持原位","目录与包级规则推断","0",""
"artifacts/generative-interview-board7/2026-07-28/candidate-v3130-t07-report.md","T07 完整轨迹","c6de84f8e9210649544383b226035515b0616ae7e0c5ca6887223c5953230cfc","已跟踪","历史证据","历史证据","artifacts/generative-interview-board7/README.md","docs/generative-interview-refactor-map.md","公开证据","保留历史证据","保持原位","目录与包级规则推断","0",""
"artifacts/generative-interview-board7/2026-07-28/candidate-v3140-t02-report.md","T02 完整轨迹","b027aa78c1777db9cc94e4ed0877300dd109e8bc2f416906ba8b138379a6eb9a","已跟踪","历史证据","历史证据","artifacts/generative-interview-board7/README.md","docs/generative-interview-refactor-map.md","公开证据","保留历史证据","保持原位","目录与包级规则推断","0",""
"artifacts/generative-interview-board7/2026-07-28/candidate-v3140-t03-report.md","T03 完整轨迹","0e69daf47747143d8a8e43161a61021154e66fb523aef1fc826755eb4418d6ad","已跟踪","历史证据","历史证据","artifacts/generative-interview-board7/README.md","docs/generative-interview-refactor-map.md","公开证据","保留历史证据","保持原位","目录与包级规则推断","0",""
"artifacts/generative-interview-board7/2026-07-28/candidate-v3140-t06-report.md","T06 完整轨迹","05f0332ab2aa85311f357b82cfd5ca23068692c7796fae4e4922fd0d31b76414","已跟踪","历史证据","历史证据","artifacts/generative-interview-board7/README.md","docs/generative-interview-refactor-map.md","公开证据","保留历史证据","保持原位","目录与包级规则推断","0",""
"artifacts/generative-interview-board7/2026-07-28/candidate-v3140-t07-report.md","T07 完整轨迹","db9d49761d7358486a187a88ccadcae5503948fbae4c97a37c6d24166ad2928b","已跟踪","历史证据","历史证据","artifacts/generative-interview-board7/README.md","docs/generative-interview-refactor-map.md","公开证据","保留历史证据","保持原位","目录与包级规则推断","0",""
"artifacts/generative-interview-board7/2026-07-28/candidate-v3150-t02-report.md","T02 完整轨迹","081b32f25e9f31a121ca8572c0665b55e45dbc47da3a824c5d27b78b9a5ed481","已跟踪","历史证据","历史证据","artifacts/generative-interview-board7/README.md","docs/generative-interview-refactor-map.md","公开证据","保留历史证据","保持原位","目录与包级规则推断","0",""
"artifacts/generative-interview-board7/2026-07-28/candidate-v3150-t03-report.md","T03 完整轨迹","1d77910aad9236faf9e48a1286957289bdb74a6d91659a65be275cb6ae1da54c","已跟踪","历史证据","历史证据","artifacts/generative-interview-board7/README.md","docs/generative-interview-refactor-map.md","公开证据","保留历史证据","保持原位","目录与包级规则推断","0",""
"artifacts/generative-interview-board7/2026-07-28/candidate-v3150-t06-report.md","T06 完整轨迹","355a54ae4c6c6760e30cf6431850b009dcb65328e4278dc12fde53634de18b1f","已跟踪","历史证据","历史证据","artifacts/generative-interview-board7/README.md","docs/generative-interview-refactor-map.md","公开证据","保留历史证据","保持原位","目录与包级规则推断","0",""
"artifacts/generative-interview-board7/2026-07-28/candidate-v3150-t07-report.md","T07 完整轨迹","5e23af69aaba2298bf5acdc67aab467164119855db28b8958780afb06b925821","已跟踪","历史证据","历史证据","artifacts/generative-interview-board7/README.md","docs/generative-interview-refactor-map.md","公开证据","保留历史证据","保持原位","目录与包级规则推断","0",""
"artifacts/generative-interview-board7/2026-07-28/candidate-v3150-work-human-review.md","生成式访谈工作集人工评审包","3923de2544232f06f5051845298a32ce6335b68b5d4b05d99d9216c32f86656e","已跟踪","历史证据","历史证据","artifacts/generative-interview-board7/README.md","docs/generative-interview-refactor-map.md","公开脱敏证据","保留历史证据","保持原位","目录与包级规则推断","0",""
"artifacts/generative-interview-board7/2026-07-28/candidate-v3150-work-report.md","生成式访谈评测运行报告","22192ab12cfa3d15009b0c978e0a27046d7f793c02650eec6e48ae8d545089a8","已跟踪","历史证据","历史证据","artifacts/generative-interview-board7/README.md","docs/generative-interview-refactor-map.md","公开证据","保留历史证据","保持原位","目录与包级规则推断","0",""
"artifacts/generative-interview-board7/2026-07-28/candidate-v3160-t02-report.md","T02 完整轨迹","de5828e322d4d931e5fd14e3625b6becda154e342c0ab23db762201d624726b1","已跟踪","历史证据","历史证据","artifacts/generative-interview-board7/README.md","docs/generative-interview-refactor-map.md","公开证据","保留历史证据","保持原位","目录与包级规则推断","0",""
"artifacts/generative-interview-board7/2026-07-28/candidate-v3160-t03-report.md","T03 完整轨迹","def281572f97bfd6f0096e6435d7ab91ed731d84ffe32ed9e05a5f3b042e1ac9","已跟踪","历史证据","历史证据","artifacts/generative-interview-board7/README.md","docs/generative-interview-refactor-map.md","公开证据","保留历史证据","保持原位","目录与包级规则推断","0",""
"artifacts/generative-interview-board7/2026-07-28/candidate-v3160-t06-report.md","T06 完整轨迹","b56e3967e438337dd8cb33b6efdc3505f0ee7a5e8ca0aea7c5299f12c2d39e40","已跟踪","历史证据","历史证据","artifacts/generative-interview-board7/README.md","docs/generative-interview-refactor-map.md","公开证据","保留历史证据","保持原位","目录与包级规则推断","0",""
"artifacts/generative-interview-board7/2026-07-28/candidate-v3160-t07-report.md","T07 完整轨迹","74f35c69c3de42debd2c593ce905ab9282b1300308110632f08e5a3c76bb510e","已跟踪","历史证据","历史证据","artifacts/generative-interview-board7/README.md","docs/generative-interview-refactor-map.md","公开证据","保留历史证据","保持原位","目录与包级规则推断","0",""
"artifacts/generative-interview-board7/2026-07-28/candidate-v3160-work-human-review.md","生成式访谈工作集人工评审包","42b67ca07e36cc2fb955028f57248c6cc7d925c1474bb415c37b131e57cb1a16","已跟踪","历史证据","历史证据","artifacts/generative-interview-board7/README.md","docs/generative-interview-refactor-map.md","公开脱敏证据","保留历史证据","保持原位","目录与包级规则推断","0",""
"artifacts/generative-interview-board7/2026-07-28/candidate-v3160-work-report.md","生成式访谈评测运行报告","0b097614d59964fd373273d26d07586b678e809e4d6e8c57dd9acbfc659caf20","已跟踪","历史证据","历史证据","artifacts/generative-interview-board7/README.md","docs/generative-interview-refactor-map.md","公开证据","保留历史证据","保持原位","目录与包级规则推断","0",""
"artifacts/generative-interview-board7/2026-07-28/candidate-v3170-t06-report.md","T06 完整轨迹","6403ee597d44163e0b0c64e8d40230a21d10d1440ea720e4d0f5b8773c010ce3","已跟踪","历史证据","历史证据","artifacts/generative-interview-board7/README.md","docs/generative-interview-refactor-map.md","公开证据","保留历史证据","保持原位","目录与包级规则推断","0",""
"artifacts/generative-interview-board7/2026-07-28/candidate-v3170-work-human-review.md","生成式访谈工作集人工评审包","0903d5e8b18ffea8b3b8f33cd64e01a3504fa4843f3c9afdbbad3be7a70c2217","已跟踪","历史证据","历史证据","artifacts/generative-interview-board7/README.md","docs/generative-interview-refactor-map.md","公开脱敏证据","保留历史证据","保持原位","目录与包级规则推断","0",""
"artifacts/generative-interview-board7/2026-07-28/candidate-v3170-work-report.md","生成式访谈评测运行报告","d9dce31283cf9ad6be9ab212de7a8013c80e2805c6912b77f67b504501d1aed3","已跟踪","历史证据","历史证据","artifacts/generative-interview-board7/README.md","docs/generative-interview-refactor-map.md","公开证据","保留历史证据","保持原位","目录与包级规则推断","0",""
"artifacts/generative-interview-board7/2026-07-28/candidate-v3180-t02-report.md","T02 完整轨迹","a58739c2cec549721b9ccff31caa0e65393b830b628bb35aa8788e5ae27b0519","已跟踪","历史证据","历史证据","artifacts/generative-interview-board7/README.md","docs/generative-interview-refactor-map.md","公开证据","保留历史证据","保持原位","目录与包级规则推断","0",""
"artifacts/generative-interview-board7/2026-07-28/candidate-v3180-t03-report.md","T03 完整轨迹","90fc61ef772235d71bb2de6c7eb9ddf7641dddae58aed5bfed9e839f7adf12ef","已跟踪","历史证据","历史证据","artifacts/generative-interview-board7/README.md","docs/generative-interview-refactor-map.md","公开证据","保留历史证据","保持原位","目录与包级规则推断","0",""
"artifacts/generative-interview-board7/2026-07-28/candidate-v3180-t06-report.md","T06 完整轨迹","6879a12c0fd6359787b9119cc99f1aa5cc4bb031299296c3c07da087617fbdbb","已跟踪","历史证据","历史证据","artifacts/generative-interview-board7/README.md","docs/generative-interview-refactor-map.md","公开证据","保留历史证据","保持原位","目录与包级规则推断","0",""
"artifacts/generative-interview-board7/2026-07-28/candidate-v3180-t07-report.md","T07 完整轨迹","40962b8b114577dd39f31ade58b09e29fdabcf9ea1efad2f883a7da8ee1bc9f3","已跟踪","历史证据","历史证据","artifacts/generative-interview-board7/README.md","docs/generative-interview-refactor-map.md","公开证据","保留历史证据","保持原位","目录与包级规则推断","0",""
"artifacts/generative-interview-board7/2026-07-28/candidate-v3180-work-human-review.md","生成式访谈工作集人工评审包","509764f40424471b2cc71862080a641c84a8f76e1f5fbf6f778b629b2cf038a2","已跟踪","历史证据","历史证据","artifacts/generative-interview-board7/README.md","docs/generative-interview-refactor-map.md","公开脱敏证据","保留历史证据","保持原位","目录与包级规则推断","0",""
"artifacts/generative-interview-board7/2026-07-28/candidate-v3180-work-report.md","生成式访谈评测运行报告","12d011fa79390b22688c00c84fb43c1e94b23717ddc60594f0c9ffa13e2af964","已跟踪","历史证据","历史证据","artifacts/generative-interview-board7/README.md","docs/generative-interview-refactor-map.md","公开证据","保留历史证据","保持原位","目录与包级规则推断","0",""
"artifacts/generative-interview-board7/2026-07-28/candidate-v3190-work-human-review.md","生成式访谈工作集人工评审包","a3dee2faad7fc18bf6423aa3a299792080e6ba45b626306a3d929a03837423bd","已跟踪","历史证据","历史证据","artifacts/generative-interview-board7/README.md","docs/generative-interview-refactor-map.md","公开脱敏证据","保留历史证据","保持原位","目录与包级规则推断","0",""
"artifacts/generative-interview-board7/2026-07-28/candidate-v3190-work-report.md","生成式访谈评测运行报告","3f65e37de1f668247d00ef73c565bce8634cf85ce9e38bc09761532aa1d49342","已跟踪","历史证据","历史证据","artifacts/generative-interview-board7/README.md","docs/generative-interview-refactor-map.md","公开证据","保留历史证据","保持原位","目录与包级规则推断","0",""
"artifacts/generative-interview-board7/2026-07-28/candidate-v3200-t02-report.md","T02 完整轨迹","391415d57c9fe8d89e28ba486d0e9d53956ba115a41658d37ba8df029540c46e","已跟踪","历史证据","历史证据","artifacts/generative-interview-board7/README.md","docs/generative-interview-refactor-map.md","公开证据","保留历史证据","保持原位","目录与包级规则推断","0",""
"artifacts/generative-interview-board7/2026-07-28/candidate-v3200-t03-report.md","T03 完整轨迹","9ef4e6bda3de1bd5f3893d336f07d0cfc37bcc6c35167ff5100e44fe59af7726","已跟踪","历史证据","历史证据","artifacts/generative-interview-board7/README.md","docs/generative-interview-refactor-map.md","公开证据","保留历史证据","保持原位","目录与包级规则推断","0",""
"artifacts/generative-interview-board7/2026-07-28/candidate-v3200-t06-report.md","T06 完整轨迹","b7ff26469e96fb6b957932569b9867f27bc73ffd6c3b3bc205a568e8f44a6610","已跟踪","历史证据","历史证据","artifacts/generative-interview-board7/README.md","docs/generative-interview-refactor-map.md","公开证据","保留历史证据","保持原位","目录与包级规则推断","0",""
"artifacts/generative-interview-board7/2026-07-28/candidate-v3200-t07-report.md","T07 完整轨迹","550a0767b94fbec06cf4ad67135513915a5489dc72514182b8c6cbb9821a76a4","已跟踪","历史证据","历史证据","artifacts/generative-interview-board7/README.md","docs/generative-interview-refactor-map.md","公开证据","保留历史证据","保持原位","目录与包级规则推断","0",""
"artifacts/generative-interview-board7/2026-07-28/candidate-v3200-work-human-review.md","生成式访谈工作集人工评审包","773ebadecc078312a54fa4ee5fa20e70f3b8ddc6b8529e5a162d1633628502b6","已跟踪","历史证据","历史证据","artifacts/generative-interview-board7/README.md","docs/generative-interview-refactor-map.md","公开脱敏证据","保留历史证据","保持原位","目录与包级规则推断","0",""
"artifacts/generative-interview-board7/2026-07-28/candidate-v3200-work-report.md","生成式访谈评测运行报告","f0505388c050f73648ef29d11de08b4ec09ba9fb60e33de9476a745db881f76e","已跟踪","历史证据","历史证据","artifacts/generative-interview-board7/README.md","docs/generative-interview-refactor-map.md","公开证据","保留历史证据","保持原位","目录与包级规则推断","0",""
"artifacts/generative-interview-board7/2026-07-28/candidate-v3210-t02-report.md","T02 完整轨迹","25ef4457cfe51e7b28b6faf0212732fa1fbf74888230af418cf79a8f6a9b74b8","已跟踪","历史证据","历史证据","artifacts/generative-interview-board7/README.md","docs/generative-interview-refactor-map.md","公开证据","保留历史证据","保持原位","目录与包级规则推断","0",""
"artifacts/generative-interview-board7/2026-07-28/candidate-v3210-t03-report.md","T03 完整轨迹","0ecfbd7ab4fa35e3a2677c19d1f4e5050f292be0898d042a0ce2ea78338b1a66","已跟踪","历史证据","历史证据","artifacts/generative-interview-board7/README.md","docs/generative-interview-refactor-map.md","公开证据","保留历史证据","保持原位","目录与包级规则推断","0",""
"artifacts/generative-interview-board7/2026-07-28/candidate-v3210-t06-report.md","T06 完整轨迹","e629037e6df7396293db172c05cfff5e82bea152b793f561eb47b6b1339fbe59","已跟踪","历史证据","历史证据","artifacts/generative-interview-board7/README.md","docs/generative-interview-refactor-map.md","公开证据","保留历史证据","保持原位","目录与包级规则推断","0",""
"artifacts/generative-interview-board7/2026-07-28/candidate-v3210-t07-report.md","T07 完整轨迹","4837688f8ebc301fb5970a250120f44556f874df30708cb5719a6c4a9b6b657a","已跟踪","历史证据","历史证据","artifacts/generative-interview-board7/README.md","docs/generative-interview-refactor-map.md","公开证据","保留历史证据","保持原位","目录与包级规则推断","0",""
"artifacts/generative-interview-board7/2026-07-28/candidate-v3220-work-human-review.md","生成式访谈工作集人工评审包","acf538760eb5e8278173dc3210d97387b1afb97b7f6293b8ade5de061e96965b","已跟踪","历史证据","历史证据","artifacts/generative-interview-board7/README.md","docs/generative-interview-refactor-map.md","公开脱敏证据","保留历史证据","保持原位","目录与包级规则推断","0",""
"artifacts/generative-interview-board7/2026-07-28/candidate-v3220-work-report.md","生成式访谈评测运行报告","2ca4c23b77ab9e6ca7cc25a9c3edbf9d04b04e8e085fce58e2b0431bcb8fc221","已跟踪","历史证据","历史证据","artifacts/generative-interview-board7/README.md","docs/generative-interview-refactor-map.md","公开证据","保留历史证据","保持原位","目录与包级规则推断","0",""
"artifacts/generative-interview-board7/2026-07-28/candidate-v3230-work-human-review.md","生成式访谈工作集人工评审包","d49e0f0b022826c8d286c32010452a6cc1d4f4c64565a2fd92467012f1dc5075","已跟踪","历史证据","历史证据","artifacts/generative-interview-board7/README.md","docs/generative-interview-refactor-map.md","公开脱敏证据","保留历史证据","保持原位","目录与包级规则推断","0",""
"artifacts/generative-interview-board7/2026-07-28/candidate-v3230-work-report.md","生成式访谈评测运行报告","3ee0ea750c10f8c5f8057aa913e00f173e697894b7780c6e969f4ac72b98f200","已跟踪","历史证据","历史证据","artifacts/generative-interview-board7/README.md","docs/generative-interview-refactor-map.md","公开证据","保留历史证据","保持原位","目录与包级规则推断","0",""
"artifacts/generative-interview-board7/2026-07-28/candidate-v3240-t02-report.md","T02 完整轨迹","eb8f45dd10c184e39b981773b37aacba83a05e398a239429bb4afbcec12a9fe3","已跟踪","历史证据","历史证据","artifacts/generative-interview-board7/README.md","docs/generative-interview-refactor-map.md","公开证据","保留历史证据","保持原位","目录与包级规则推断","0",""
"artifacts/generative-interview-board7/2026-07-28/candidate-v3240-t03-report.md","T03 完整轨迹","0fe987e612fe395f712fc709c2a94758e27223381894162302a6b3df47edc289","已跟踪","历史证据","历史证据","artifacts/generative-interview-board7/README.md","docs/generative-interview-refactor-map.md","公开证据","保留历史证据","保持原位","目录与包级规则推断","0",""
"artifacts/generative-interview-board7/2026-07-28/candidate-v3240-t06-report.md","T06 完整轨迹","138ab7c246463d08acf9f83f9ae8fb520d33ff3a9a1e957899419350a4ed541b","已跟踪","历史证据","历史证据","artifacts/generative-interview-board7/README.md","docs/generative-interview-refactor-map.md","公开证据","保留历史证据","保持原位","目录与包级规则推断","0",""
"artifacts/generative-interview-board7/2026-07-28/candidate-v3240-t07-report.md","T07 完整轨迹","8c45a2f28f3c6461eaa834cb0f56ee483ca7f3b12a64fa1a7bdda1f1fe93f117","已跟踪","历史证据","历史证据","artifacts/generative-interview-board7/README.md","docs/generative-interview-refactor-map.md","公开证据","保留历史证据","保持原位","目录与包级规则推断","0",""
"artifacts/generative-interview-board7/2026-07-28/candidate-v3240-work-human-review.md","生成式访谈工作集人工评审包","aaa244294e301f95f2a5bc75f4c5e0681e353c1c0f50f62202ea4ff59ef9aded","已跟踪","历史证据","历史证据","artifacts/generative-interview-board7/README.md","docs/generative-interview-refactor-map.md","公开脱敏证据","保留历史证据","保持原位","目录与包级规则推断","0",""
"artifacts/generative-interview-board7/2026-07-28/candidate-v3240-work-report.md","生成式访谈评测运行报告","b8aa519b12a1d3c6bdbafd359258da28b74fe2f55c82f8e1f28fe5bc14a7fcd8","已跟踪","历史证据","历史证据","artifacts/generative-interview-board7/README.md","docs/generative-interview-refactor-map.md","公开证据","保留历史证据","保持原位","目录与包级规则推断","0",""
"artifacts/generative-interview-board7/2026-07-28/candidate-v3250-work-human-review.md","生成式访谈工作集人工评审包","352cb58b43c6f31494568af8e042a1777e709da40c7a0807c03eee91e5295ee6","已跟踪","历史证据","历史证据","artifacts/generative-interview-board7/README.md","docs/generative-interview-refactor-map.md","公开脱敏证据","保留历史证据","保持原位","目录与包级规则推断","0",""
"artifacts/generative-interview-board7/2026-07-28/candidate-v3250-work-report.md","生成式访谈评测运行报告","b1f4950e06fe7decd430ab059eae5cb15b7a0a66dff89258f3f35214657342d5","已跟踪","历史证据","历史证据","artifacts/generative-interview-board7/README.md","docs/generative-interview-refactor-map.md","公开证据","保留历史证据","保持原位","目录与包级规则推断","0",""
"artifacts/generative-interview-board7/2026-07-28/candidate-v3260-t02-report.md","T02 完整轨迹","fca6d7cf9f4320eaf1b7ff0c2f42973f49d1c2c3403b507fef030e110cd2fb62","已跟踪","历史证据","历史证据","artifacts/generative-interview-board7/README.md","docs/generative-interview-refactor-map.md","公开证据","保留历史证据","保持原位","目录与包级规则推断","0",""
"artifacts/generative-interview-board7/2026-07-28/candidate-v3260-work-human-review.md","生成式访谈工作集人工评审包","d44db6cdd0f84ab9c0f862bc57e9b67f64ebd625e6d1107ee03cfa2df470cacd","已跟踪","历史证据","历史证据","artifacts/generative-interview-board7/README.md","docs/generative-interview-refactor-map.md","公开脱敏证据","保留历史证据","保持原位","目录与包级规则推断","0",""
"artifacts/generative-interview-board7/2026-07-28/candidate-v3260-work-report.md","生成式访谈评测运行报告","eab13226b55f36e39c3b5c28d0e9bb5d201aad85effe6bfbfb088f44f6d290d2","已跟踪","历史证据","历史证据","artifacts/generative-interview-board7/README.md","docs/generative-interview-refactor-map.md","公开证据","保留历史证据","保持原位","目录与包级规则推断","0",""
"artifacts/generative-interview-board7/2026-07-28/candidate-v3270-work-human-review.md","生成式访谈工作集人工评审包","96dc1de6c46296dd42a0e0dfecf07e049795db97787899bd3329dfecb76bf55b","已跟踪","历史证据","历史证据","artifacts/generative-interview-board7/README.md","docs/generative-interview-refactor-map.md","公开脱敏证据","保留历史证据","保持原位","目录与包级规则推断","0",""
"artifacts/generative-interview-board7/2026-07-28/candidate-v3270-work-report.md","生成式访谈评测运行报告","a8cd9958f455d4099a3f48e1dfd9e48292b3cf03e34680f22037bd6b070d2932","已跟踪","历史证据","历史证据","artifacts/generative-interview-board7/README.md","docs/generative-interview-refactor-map.md","公开证据","保留历史证据","保持原位","目录与包级规则推断","0",""
"artifacts/generative-interview-board7/2026-07-28/candidate-v3280-work-human-review.md","生成式访谈工作集人工评审包","42dd0c42106bff8f8a46c5f138c1ab827e9d2a91d2ffd9610e9c75d45a54aa42","已跟踪","历史证据","历史证据","artifacts/generative-interview-board7/README.md","docs/generative-interview-refactor-map.md","公开脱敏证据","保留历史证据","保持原位","目录与包级规则推断","0",""
"artifacts/generative-interview-board7/2026-07-28/candidate-v3280-work-report.md","生成式访谈评测运行报告","d6b67962e1b81a778042996c0fc688d834db3bf9a84e9a80064a42343419cc96","已跟踪","历史证据","历史证据","artifacts/generative-interview-board7/README.md","docs/generative-interview-refactor-map.md","公开证据","保留历史证据","保持原位","目录与包级规则推断","0",""
"artifacts/generative-interview-board7/2026-07-28/candidate-v3290-t02-report.md","T02 完整轨迹","2d60d314796309d1a857c373d7f84192720139c4f95cbe9733bd1ee3ba71c36e","已跟踪","历史证据","历史证据","artifacts/generative-interview-board7/README.md","docs/generative-interview-refactor-map.md","公开证据","保留历史证据","保持原位","目录与包级规则推断","0",""
"artifacts/generative-interview-board7/2026-07-28/candidate-v3290-t03-report.md","T03 完整轨迹","d0bf5bf774c27e6cacc31fd0704018348d44a63d9ea9bf0a5b5579149a2cec78","已跟踪","历史证据","历史证据","artifacts/generative-interview-board7/README.md","docs/generative-interview-refactor-map.md","公开证据","保留历史证据","保持原位","目录与包级规则推断","0",""
"artifacts/generative-interview-board7/2026-07-28/candidate-v3290-t06-report.md","T06 完整轨迹","21fff8bbbdbf52257657b50f988ee66f7f67dd1f3d040d6d7925faba057d93ba","已跟踪","历史证据","历史证据","artifacts/generative-interview-board7/README.md","docs/generative-interview-refactor-map.md","公开证据","保留历史证据","保持原位","目录与包级规则推断","0",""
"artifacts/generative-interview-board7/2026-07-28/candidate-v3290-t07-report.md","T07 完整轨迹","f54c603ab72e9794360fe8010522da27eb118bae38c6c5027a65982e6c1b2803","已跟踪","历史证据","历史证据","artifacts/generative-interview-board7/README.md","docs/generative-interview-refactor-map.md","公开证据","保留历史证据","保持原位","目录与包级规则推断","0",""
"artifacts/generative-interview-board7/2026-07-28/candidate-v3290-work-human-review.md","生成式访谈工作集人工评审包","51c988a8f141ae5df8e9d8ced554eca1fe3f1474238fa63318b3288bfd4ab8a2","已跟踪","历史证据","历史证据","artifacts/generative-interview-board7/README.md","docs/generative-interview-refactor-map.md","公开脱敏证据","保留历史证据","保持原位","目录与包级规则推断","0",""
"artifacts/generative-interview-board7/2026-07-28/candidate-v3290-work-report.md","生成式访谈评测运行报告","e6bb7742ae0019a27cd7f3fe2162140d4e9f819bc316614222e4b06b471ad34a","已跟踪","历史证据","历史证据","artifacts/generative-interview-board7/README.md","docs/generative-interview-refactor-map.md","公开证据","保留历史证据","保持原位","目录与包级规则推断","0",""
"artifacts/generative-interview-board7/2026-07-28/diagnostic-S01-B-4000.md","生成式访谈评测运行报告","f2b52269c89c1e72c58c7f45b0d3c8c5a769955bb5af5978d210862e8d99b920","已跟踪","历史证据","历史证据","artifacts/generative-interview-board7/README.md","docs/generative-interview-refactor-map.md","公开证据","保留历史证据","保持原位","目录与包级规则推断","0",""
"artifacts/generative-interview-board7/2026-07-28/diagnostic-v11-report.md","生成式访谈评测运行报告","8f4cd46843d8944c966bbe92b11aaaa7011edf31a1720375c30b9ffb1ef62e0b","已跟踪","历史证据","历史证据","artifacts/generative-interview-board7/README.md","docs/generative-interview-refactor-map.md","公开证据","保留历史证据","保持原位","目录与包级规则推断","0",""
"artifacts/generative-interview-board7/2026-07-28/diagnostic-v14-report.md","生成式访谈评测运行报告","2cd46bf71567ee2bb46548981dc7e8d93f8075edce0cccd10fca15520655b514","已跟踪","历史证据","历史证据","artifacts/generative-interview-board7/README.md","docs/generative-interview-refactor-map.md","公开证据","保留历史证据","保持原位","目录与包级规则推断","0",""
"artifacts/generative-interview-board7/2026-07-28/diagnostic-v15-report.md","生成式访谈评测运行报告","656a8547123b53cc0caa60ac61fc6bcee5525d1226f5aa4452907ba04f79f129","已跟踪","历史证据","历史证据","artifacts/generative-interview-board7/README.md","docs/generative-interview-refactor-map.md","公开证据","保留历史证据","保持原位","目录与包级规则推断","0",""
"artifacts/generative-interview-board7/2026-07-28/diagnostic-v19-report.md","生成式访谈评测运行报告","3fd00516daf5af330541d654384637e382183cd59a8a6b902efed0c25c157db1","已跟踪","历史证据","历史证据","artifacts/generative-interview-board7/README.md","docs/generative-interview-refactor-map.md","公开证据","保留历史证据","保持原位","目录与包级规则推断","0",""
"artifacts/generative-interview-board7/2026-07-28/diagnostic-v23-report.md","生成式访谈评测运行报告","40a539cad3ed478ea1b04ffd279147d1ff4bb313a38afaf5996c43a4e38ae258","已跟踪","历史证据","历史证据","artifacts/generative-interview-board7/README.md","docs/generative-interview-refactor-map.md","公开证据","保留历史证据","保持原位","目录与包级规则推断","0",""
"artifacts/generative-interview-board7/2026-07-28/diagnostic-v5-report.md","生成式访谈评测运行报告","50c1d511c8a991f300bebd4026fd860721abb7cb92effbd3376a6fbc1430ccb4","已跟踪","历史证据","历史证据","artifacts/generative-interview-board7/README.md","docs/generative-interview-refactor-map.md","公开证据","保留历史证据","保持原位","目录与包级规则推断","0",""
"artifacts/generative-interview-board7/2026-07-28/diagnostic-v6-report.md","生成式访谈评测运行报告","f670df0048148c41ccefae8d28c941894e8a71f3021b66ee5a704ba235a73fb4","已跟踪","历史证据","历史证据","artifacts/generative-interview-board7/README.md","docs/generative-interview-refactor-map.md","公开证据","保留历史证据","保持原位","目录与包级规则推断","0",""
"artifacts/generative-interview-board7/2026-07-28/diagnostic-v7-report.md","生成式访谈评测运行报告","cddfd0c039361c8fe8493c00cd02052c7c1a6b527bf505af63c83a50ace267e7","已跟踪","历史证据","历史证据","artifacts/generative-interview-board7/README.md","docs/generative-interview-refactor-map.md","公开证据","保留历史证据","保持原位","目录与包级规则推断","0",""
"artifacts/generative-interview-board7/2026-07-28/diagnostic-v8-report.md","生成式访谈评测运行报告","df8a5cb9fdbae451831602f8670cbc75f1564ccc7b5c3ab578d15a0fba87e982","已跟踪","历史证据","历史证据","artifacts/generative-interview-board7/README.md","docs/generative-interview-refactor-map.md","公开证据","保留历史证据","保持原位","目录与包级规则推断","0",""
"artifacts/generative-interview-board7/2026-07-28/diagnostic-v9-report.md","生成式访谈评测运行报告","26377555262cef61f2932d83391d51c51538497ae9338596c6524b0686c4227a","已跟踪","历史证据","历史证据","artifacts/generative-interview-board7/README.md","docs/generative-interview-refactor-map.md","公开证据","保留历史证据","保持原位","目录与包级规则推断","0",""
"artifacts/generative-interview-board7/2026-07-28/final-v390-t03-report.md","T03 完整轨迹","1b64d98a0bf502b443728de5e6f94a667758ee509e4a4277c801ff0b5d6fc08c","已跟踪","历史证据","历史证据","artifacts/generative-interview-board7/README.md","docs/generative-interview-refactor-map.md","公开证据","保留历史证据","保持原位","目录与包级规则推断","0",""
"artifacts/generative-interview-board7/2026-07-28/final-v390-t06-report.md","T06 完整轨迹","cceee57c32c92557c06e87b769c060e629ed3f6bfd00dd47599ac04001aa0681","已跟踪","历史证据","历史证据","artifacts/generative-interview-board7/README.md","docs/generative-interview-refactor-map.md","公开证据","保留历史证据","保持原位","目录与包级规则推断","0",""
"artifacts/generative-interview-board7/2026-07-28/rules-report.md","生成式访谈评测运行报告","91c71f23b5a63b86a6152274dcf3377e73a1f3dedc7d90f2356702f3df51783f","已跟踪","历史证据","历史证据","artifacts/generative-interview-board7/README.md","docs/generative-interview-refactor-map.md","公开证据","保留历史证据","保持原位","目录与包级规则推断","0",""
"artifacts/generative-interview-board7/2026-07-28/t02-work-report-r2.md","T02 完整轨迹","57a101b1194fc07c73cb3cc420619e7d4502f0567422d983c49747d763cc01ff","已跟踪","历史证据","历史证据","artifacts/generative-interview-board7/README.md","docs/generative-interview-refactor-map.md","公开证据","保留历史证据","保持原位","目录与包级规则推断","0",""
"artifacts/generative-interview-board7/2026-07-28/t02-work-report-r3.md","T02 完整轨迹","acc65fc488ca76b16219319762558f8f43a79f3e65fe0c816e163a00f76e4925","已跟踪","历史证据","历史证据","artifacts/generative-interview-board7/README.md","docs/generative-interview-refactor-map.md","公开证据","保留历史证据","保持原位","目录与包级规则推断","0",""
"artifacts/generative-interview-board7/2026-07-28/t02-work-report.md","T02 完整轨迹","6b43c1b9f73722493e08fa4b32f5d8b604310b465ee37aa31002200f20a0afcc","已跟踪","历史证据","历史证据","artifacts/generative-interview-board7/README.md","docs/generative-interview-refactor-map.md","公开证据","保留历史证据","保持原位","目录与包级规则推断","0",""
"artifacts/generative-interview-board7/2026-07-28/t02-work-v2-report.md","T02 完整轨迹","e02d74cb6fde32d99af6b028c1866901b59a57d444eb1b5e9df30c373ee9dd4d","已跟踪","历史证据","历史证据","artifacts/generative-interview-board7/README.md","docs/generative-interview-refactor-map.md","公开证据","保留历史证据","保持原位","目录与包级规则推断","0",""
"artifacts/generative-interview-board7/2026-07-28/t03-work-related-final.md","T03 完整轨迹","2c5e133a84687228c292a6555abaddac2419a7e06093f8b1aab27175518be8f1","已跟踪","历史证据","历史证据","artifacts/generative-interview-board7/README.md","docs/generative-interview-refactor-map.md","公开证据","保留历史证据","保持原位","目录与包级规则推断","0",""
"artifacts/generative-interview-board7/2026-07-28/t03-work-related-report.md","T03 完整轨迹","a87ffda74c1b2cdb32f51ae685cdc480e8cd19454e229f481f61de9303d1a412","已跟踪","历史证据","历史证据","artifacts/generative-interview-board7/README.md","docs/generative-interview-refactor-map.md","公开证据","保留历史证据","保持原位","目录与包级规则推断","0",""
"artifacts/generative-interview-board7/2026-07-28/t03-work-report-r2.md","T03 完整轨迹","433c36dccb48748ff7cc38b2121c10247ee22abb3a706e28a34befb904accff0","已跟踪","历史证据","历史证据","artifacts/generative-interview-board7/README.md","docs/generative-interview-refactor-map.md","公开证据","保留历史证据","保持原位","目录与包级规则推断","0",""
"artifacts/generative-interview-board7/2026-07-28/t03-work-report-r3.md","T03 完整轨迹","04a0e8475422a6bda5e34759573224e10ea87887ca48cdd5255ea5a48eaaac5e","已跟踪","历史证据","历史证据","artifacts/generative-interview-board7/README.md","docs/generative-interview-refactor-map.md","公开证据","保留历史证据","保持原位","目录与包级规则推断","0",""
"artifacts/generative-interview-board7/2026-07-28/t03-work-report.md","T03 完整轨迹","e7e5459c2ebfc01ce4dfb7747f7ff4a5a1b846af19119bc83b7108cbc7b8e9a1","已跟踪","历史证据","历史证据","artifacts/generative-interview-board7/README.md","docs/generative-interview-refactor-map.md","公开证据","保留历史证据","保持原位","目录与包级规则推断","0",""
"artifacts/generative-interview-board7/2026-07-28/t03-work-v2-report.md","T03 完整轨迹","1e0e2108bf12a5fb100d13fa647aebfd020f88ecd2c6338a951d94db9665b416","已跟踪","历史证据","历史证据","artifacts/generative-interview-board7/README.md","docs/generative-interview-refactor-map.md","公开证据","保留历史证据","保持原位","目录与包级规则推断","0",""
"artifacts/generative-interview-board7/2026-07-28/t03-work-v3-report.md","T03 完整轨迹","bb757c6c8e93df2ad7ff479be72928d069858418a150d8026c5157732960d11e","已跟踪","历史证据","历史证据","artifacts/generative-interview-board7/README.md","docs/generative-interview-refactor-map.md","公开证据","保留历史证据","保持原位","目录与包级规则推断","0",""
"artifacts/generative-interview-board7/2026-07-28/t03-work-v4-report.md","T03 完整轨迹","ea3f0841f27713c2bb63d0b60fadefbf90d422b5bca666fc3812eafafe07fe2b","已跟踪","历史证据","历史证据","artifacts/generative-interview-board7/README.md","docs/generative-interview-refactor-map.md","公开证据","保留历史证据","保持原位","目录与包级规则推断","0",""
"artifacts/generative-interview-board7/2026-07-28/t03-work-v5-report.md","T03 完整轨迹","68d5d15bc7ba9eea501c52b5a3ca2078219319fc6d7925c4d35e17bcf8f39e86","已跟踪","历史证据","历史证据","artifacts/generative-interview-board7/README.md","docs/generative-interview-refactor-map.md","公开证据","保留历史证据","保持原位","目录与包级规则推断","0",""
"artifacts/generative-interview-board7/2026-07-28/t03-work-vnext-report.md","T03 完整轨迹","f9f1df23cf231b402baa7e4663f68e42d534ff9d2add4222e69b77686aa7b51a","已跟踪","历史证据","历史证据","artifacts/generative-interview-board7/README.md","docs/generative-interview-refactor-map.md","公开证据","保留历史证据","保持原位","目录与包级规则推断","0",""
"artifacts/generative-interview-board7/2026-07-28/t06-work-related-final.md","T06 完整轨迹","f067291d7091b34992d0025306d93d8be149383035be19cf77b1f691170c4ebc","已跟踪","历史证据","历史证据","artifacts/generative-interview-board7/README.md","docs/generative-interview-refactor-map.md","公开证据","保留历史证据","保持原位","目录与包级规则推断","0",""
"artifacts/generative-interview-board7/2026-07-28/t06-work-related-report.md","T06 完整轨迹","6a5b874ae81db46dff12b8fe05c1803df0c9db1b170c8dc20180caeab2febfc0","已跟踪","历史证据","历史证据","artifacts/generative-interview-board7/README.md","docs/generative-interview-refactor-map.md","公开证据","保留历史证据","保持原位","目录与包级规则推断","0",""
"artifacts/generative-interview-board7/2026-07-28/t06-work-report-r2.md","T06 完整轨迹","4ce1f0b4d03cd2117504b1a7c145184723f8907c4abd75cb948711fd0e4c114b","已跟踪","历史证据","历史证据","artifacts/generative-interview-board7/README.md","docs/generative-interview-refactor-map.md","公开证据","保留历史证据","保持原位","目录与包级规则推断","0",""
"artifacts/generative-interview-board7/2026-07-28/t06-work-report-r3.md","T06 完整轨迹","f3dd00d60b7dbf2ad2add9ac94856987b228a5fe3dbeab0565e3ca052acd243e","已跟踪","历史证据","历史证据","artifacts/generative-interview-board7/README.md","docs/generative-interview-refactor-map.md","公开证据","保留历史证据","保持原位","目录与包级规则推断","0",""
"artifacts/generative-interview-board7/2026-07-28/t06-work-report.md","T06 完整轨迹","2f8ecade40368bc8f6e559bb1a48ca68a948d87114731926f290b3e7a75f2adc","已跟踪","历史证据","历史证据","artifacts/generative-interview-board7/README.md","docs/generative-interview-refactor-map.md","公开证据","保留历史证据","保持原位","目录与包级规则推断","0",""
"artifacts/generative-interview-board7/2026-07-28/t06-work-v2-report.md","T06 完整轨迹","61622f8eb8c6910027a3ebd639045b5da66f68c4b3b87a3f8b66985feef25286","已跟踪","历史证据","历史证据","artifacts/generative-interview-board7/README.md","docs/generative-interview-refactor-map.md","公开证据","保留历史证据","保持原位","目录与包级规则推断","0",""
"artifacts/generative-interview-board7/2026-07-28/t06-work-v3-report.md","T06 完整轨迹","e07d516a05bed03378c56c4bb523b17a0ea727ef8626f6aeefaf3915c29ef37c","已跟踪","历史证据","历史证据","artifacts/generative-interview-board7/README.md","docs/generative-interview-refactor-map.md","公开证据","保留历史证据","保持原位","目录与包级规则推断","0",""
"artifacts/generative-interview-board7/2026-07-28/t06-work-v4-report.md","T06 完整轨迹","6cc5e90c6b32e590ab239549f2659318283d743643369156d9b8d41abf42f0c7","已跟踪","历史证据","历史证据","artifacts/generative-interview-board7/README.md","docs/generative-interview-refactor-map.md","公开证据","保留历史证据","保持原位","目录与包级规则推断","0",""
"artifacts/generative-interview-board7/2026-07-28/t06-work-v5-report.md","T06 完整轨迹","4af140f46d92975d680692644fb780fa220c352deb462e6a2536aeb1ae2a5fd7","已跟踪","历史证据","历史证据","artifacts/generative-interview-board7/README.md","docs/generative-interview-refactor-map.md","公开证据","保留历史证据","保持原位","目录与包级规则推断","0",""
"artifacts/generative-interview-board7/2026-07-28/t06-work-v6-report.md","T06 完整轨迹","fbc7853702bcdb33d30341678dad158770821909335cea49cc7426c6c26204e6","已跟踪","历史证据","历史证据","artifacts/generative-interview-board7/README.md","docs/generative-interview-refactor-map.md","公开证据","保留历史证据","保持原位","目录与包级规则推断","0",""
"artifacts/generative-interview-board7/2026-07-28/t06-work-vnext-report.md","T06 完整轨迹","36ef58ee578bfdf60b73a7b4aeaf17199f1dda67768e401e08df9aa39d1e16ad","已跟踪","历史证据","历史证据","artifacts/generative-interview-board7/README.md","docs/generative-interview-refactor-map.md","公开证据","保留历史证据","保持原位","目录与包级规则推断","0",""
"artifacts/generative-interview-board7/2026-07-28/t07-work-report.md","T07 完整轨迹","9c56781e76a667184ab86e5834c688ed3ced23d467337af4d4bad69bbfa26d70","已跟踪","历史证据","历史证据","artifacts/generative-interview-board7/README.md","docs/generative-interview-refactor-map.md","公开证据","保留历史证据","保持原位","目录与包级规则推断","0",""
"artifacts/generative-interview-board7/2026-07-28/t07-work-v2-report.md","T07 完整轨迹","1b513433c2d0186fac147c127bdfa3125cb57434da8f8543c1efd828f8d3d8f6","已跟踪","历史证据","历史证据","artifacts/generative-interview-board7/README.md","docs/generative-interview-refactor-map.md","公开证据","保留历史证据","保持原位","目录与包级规则推断","0",""
"artifacts/generative-interview-board7/2026-07-28/t07-work-v3-report.md","T07 完整轨迹","7fea8283d8761ca8f19e2b5d8b01b0f57c868e68d3eb2ded75f290af7acf910d","已跟踪","历史证据","历史证据","artifacts/generative-interview-board7/README.md","docs/generative-interview-refactor-map.md","公开证据","保留历史证据","保持原位","目录与包级规则推断","0",""
"artifacts/generative-interview-board7/2026-07-28/t07-work-v4-report.md","T07 完整轨迹","5c1cac85834c9a5c75342baadfc233e662b53b61c6709b92f861c4408aa1717a","已跟踪","历史证据","历史证据","artifacts/generative-interview-board7/README.md","docs/generative-interview-refactor-map.md","公开证据","保留历史证据","保持原位","目录与包级规则推断","0",""
"artifacts/generative-interview-board7/2026-07-28/work-regression-v10-report.md","生成式访谈评测运行报告","ca2d1c06e453313707318b008c6d99128a58deec4f34b80a88efdb8120b6ec13","已跟踪","历史证据","历史证据","artifacts/generative-interview-board7/README.md","docs/generative-interview-refactor-map.md","公开证据","保留历史证据","保持原位","目录与包级规则推断","0",""
"artifacts/generative-interview-board7/2026-07-28/work-regression-v13-report.md","生成式访谈评测运行报告","7945ecfd72bda3cdbaf8461a3df45a47082b7eb708afe87084573d16ae056df0","已跟踪","历史证据","历史证据","artifacts/generative-interview-board7/README.md","docs/generative-interview-refactor-map.md","公开证据","保留历史证据","保持原位","目录与包级规则推断","0",""
"artifacts/generative-interview-board7/2026-07-28/work-regression-v17-report.md","生成式访谈评测运行报告","3a0b8bcb2e9632c488bc6a5ecd1301ae17facc5341c0bf74b3466f507ba127c3","已跟踪","历史证据","历史证据","artifacts/generative-interview-board7/README.md","docs/generative-interview-refactor-map.md","公开证据","保留历史证据","保持原位","目录与包级规则推断","0",""
"artifacts/generative-interview-board7/2026-07-28/work-regression-v18-report.md","生成式访谈评测运行报告","16a210239b3d1b56f39fd90148be6ada673ac62951c1f9804d7d52e5df3faf9e","已跟踪","历史证据","历史证据","artifacts/generative-interview-board7/README.md","docs/generative-interview-refactor-map.md","公开证据","保留历史证据","保持原位","目录与包级规则推断","0",""
"artifacts/generative-interview-board7/2026-07-28/work-regression-v21-report.md","生成式访谈评测运行报告","8e9ee12706150a81886f379325924070b81624da046569ef670a8ccf333dc4a1","已跟踪","历史证据","历史证据","artifacts/generative-interview-board7/README.md","docs/generative-interview-refactor-map.md","公开证据","保留历史证据","保持原位","目录与包级规则推断","0",""
"artifacts/generative-interview-board7/2026-07-28/work-regression-v4-report.md","生成式访谈评测运行报告","f417ee721993207c71c5e6e1cb3fceb795611119ae401a177ecf6de0da41c91e","已跟踪","历史证据","历史证据","artifacts/generative-interview-board7/README.md","docs/generative-interview-refactor-map.md","公开证据","保留历史证据","保持原位","目录与包级规则推断","0",""
"artifacts/generative-interview-board7/2026-07-28/work-regression-v6-report.md","生成式访谈评测运行报告","69c2c97f888b3785d1d3bfeb5f65a7dac892fec85037baa292b1516fcb7ff3c7","已跟踪","历史证据","历史证据","artifacts/generative-interview-board7/README.md","docs/generative-interview-refactor-map.md","公开证据","保留历史证据","保持原位","目录与包级规则推断","0",""
"artifacts/generative-interview-board7/2026-07-28/work-regression-v7-report.md","生成式访谈评测运行报告","d2b1aab8daaeb2e5a0bb16e7000091e3c4f1eddd0102a89079e59d8b176b6144","已跟踪","历史证据","历史证据","artifacts/generative-interview-board7/README.md","docs/generative-interview-refactor-map.md","公开证据","保留历史证据","保持原位","目录与包级规则推断","0",""
"artifacts/generative-interview-board7/2026-07-28/work-regression-v9-report.md","生成式访谈评测运行报告","7b3c638a1457b64de5184dc3f6ea5d0e3139654a9e532fd82159c757735376ed","已跟踪","历史证据","历史证据","artifacts/generative-interview-board7/README.md","docs/generative-interview-refactor-map.md","公开证据","保留历史证据","保持原位","目录与包级规则推断","0",""
"artifacts/generative-interview-board7/2026-07-28/work-v1-human-review.md","生成式访谈工作集人工评审包","3b557f227844ceb89cc99483223860b4fe3d8f4f7467bb01b7ecb8cc1825e1db","已跟踪","历史证据","历史证据","artifacts/generative-interview-board7/README.md","docs/generative-interview-refactor-map.md","公开脱敏证据","保留历史证据","保持原位","目录与包级规则推断","0",""
"artifacts/generative-interview-board7/2026-07-28/work-v1-report.md","生成式访谈评测运行报告","478a43040d9a37813d8ecbf0d67e1fd81aadf786777b9304b3e6688acce3a41e","已跟踪","历史证据","历史证据","artifacts/generative-interview-board7/README.md","docs/generative-interview-refactor-map.md","公开证据","保留历史证据","保持原位","目录与包级规则推断","0",""
"artifacts/generative-interview-board7/2026-07-28/work-v12-human-review.md","生成式访谈工作集人工评审包","ea2c595fd7d6fb1ca30dc009b91a2d72426b1a59d3510886cdd2c77f25405c24","已跟踪","历史证据","历史证据","artifacts/generative-interview-board7/README.md","docs/generative-interview-refactor-map.md","公开脱敏证据","保留历史证据","保持原位","目录与包级规则推断","0",""
"artifacts/generative-interview-board7/2026-07-28/work-v12-report.md","生成式访谈评测运行报告","fce2df4f6e36c9fe587bb12d524c03c3c45a45fefe368a3e2ff92e5ac67caa20","已跟踪","历史证据","历史证据","artifacts/generative-interview-board7/README.md","docs/generative-interview-refactor-map.md","公开证据","保留历史证据","保持原位","目录与包级规则推断","0",""
"artifacts/generative-interview-board7/2026-07-28/work-v16-human-review.md","生成式访谈工作集人工评审包","059decf15e96b023222cef2d3a43ea80ba2d6c0c1df19a5c6556564cd44d9332","已跟踪","历史证据","历史证据","artifacts/generative-interview-board7/README.md","docs/generative-interview-refactor-map.md","公开脱敏证据","保留历史证据","保持原位","目录与包级规则推断","0",""
"artifacts/generative-interview-board7/2026-07-28/work-v16-report.md","生成式访谈评测运行报告","b7ba1ef0437ee86398cd858b6a5c17b1ce358d1894c7a0883ab247109fbd04d4","已跟踪","历史证据","历史证据","artifacts/generative-interview-board7/README.md","docs/generative-interview-refactor-map.md","公开证据","保留历史证据","保持原位","目录与包级规则推断","0",""
"artifacts/generative-interview-board7/2026-07-28/work-v2-human-review.md","生成式访谈工作集人工评审包","f50f13ae4c2af3ca5638fde6d2ce59474bbe2dc03dd72716838d1b69901de506","已跟踪","历史证据","历史证据","artifacts/generative-interview-board7/README.md","docs/generative-interview-refactor-map.md","公开脱敏证据","保留历史证据","保持原位","目录与包级规则推断","0",""
"artifacts/generative-interview-board7/2026-07-28/work-v2-report.md","生成式访谈评测运行报告","55c6ab309962a6aef55457a261de9239715c374f5dc42ff35696e9b9525f27cb","已跟踪","历史证据","历史证据","artifacts/generative-interview-board7/README.md","docs/generative-interview-refactor-map.md","公开证据","保留历史证据","保持原位","目录与包级规则推断","0",""
"artifacts/generative-interview-board7/2026-07-28/work-v20-human-review.md","生成式访谈工作集人工评审包","e0006e2710a8843b438c732ffe76d0e8a4d6db49aef7382d898080c4c02fb5e2","已跟踪","历史证据","历史证据","artifacts/generative-interview-board7/README.md","docs/generative-interview-refactor-map.md","公开脱敏证据","保留历史证据","保持原位","目录与包级规则推断","0",""
"artifacts/generative-interview-board7/2026-07-28/work-v20-report.md","生成式访谈评测运行报告","cf8ce492567d58d9b7fe27894307f2e8a458fcc38eac30f02329a515596cc3a5","已跟踪","历史证据","历史证据","artifacts/generative-interview-board7/README.md","docs/generative-interview-refactor-map.md","公开证据","保留历史证据","保持原位","目录与包级规则推断","0",""
"artifacts/generative-interview-board7/2026-07-28/work-v22-human-review.md","生成式访谈工作集人工评审包","49131ca27b91c290e10e888a6d99565bbae2e9e5e24fb630e19511c83b70cc2e","已跟踪","历史证据","历史证据","artifacts/generative-interview-board7/README.md","docs/generative-interview-refactor-map.md","公开脱敏证据","保留历史证据","保持原位","目录与包级规则推断","0",""
"artifacts/generative-interview-board7/2026-07-28/work-v22-report.md","生成式访谈评测运行报告","5a2788f370121ea882ea1eb2c95970409c85bbc62cdeb74bdbf1fe3c417f1fa6","已跟踪","历史证据","历史证据","artifacts/generative-interview-board7/README.md","docs/generative-interview-refactor-map.md","公开证据","保留历史证据","保持原位","目录与包级规则推断","0",""
"artifacts/generative-interview-board7/2026-07-28/work-v24-human-review.md","生成式访谈工作集人工评审包","9d96e767079effce80e76470331b029f9a0b621f0b51800b73325e25cc25e2ce","已跟踪","历史证据","历史证据","artifacts/generative-interview-board7/README.md","docs/generative-interview-refactor-map.md","公开脱敏证据","保留历史证据","保持原位","目录与包级规则推断","0",""
"artifacts/generative-interview-board7/2026-07-28/work-v24-report.md","生成式访谈评测运行报告","21c2387bc0c8eb4a4781372a3b9eaae806c646d9b9e55dd46b4d489ce1eea08c","已跟踪","历史证据","历史证据","artifacts/generative-interview-board7/README.md","docs/generative-interview-refactor-map.md","公开证据","保留历史证据","保持原位","目录与包级规则推断","0",""
"artifacts/generative-interview-board7/2026-07-28/work-v3-human-review.md","生成式访谈工作集人工评审包","6d74e124d33632202ed9aa84dd01f6cea7b88a995452b4dc52dec6ce0048241a","已跟踪","历史证据","历史证据","artifacts/generative-interview-board7/README.md","docs/generative-interview-refactor-map.md","公开脱敏证据","保留历史证据","保持原位","目录与包级规则推断","0",""
"artifacts/generative-interview-board7/2026-07-28/work-v3-report.md","生成式访谈评测运行报告","1e27c1956265cc1f9ebf2c8f27754a99e3e21ade9ee6eeb0480ababce1527a6f","已跟踪","历史证据","历史证据","artifacts/generative-interview-board7/README.md","docs/generative-interview-refactor-map.md","公开证据","保留历史证据","保持原位","目录与包级规则推断","0",""
"artifacts/generative-interview-board7/2026-07-28/work-v5-human-review.md","生成式访谈工作集人工评审包","79f7bff3be34ec92d97bc5b794eb9ea9f66fad7f987f3874ae68a976f75bc61e","已跟踪","历史证据","历史证据","artifacts/generative-interview-board7/README.md","docs/generative-interview-refactor-map.md","公开脱敏证据","保留历史证据","保持原位","目录与包级规则推断","0",""
"artifacts/generative-interview-board7/2026-07-28/work-v5-report.md","生成式访谈评测运行报告","f5db4a7096203051506a4904ec5e82044c418f49fda0607695e386d6ea4311d6","已跟踪","历史证据","历史证据","artifacts/generative-interview-board7/README.md","docs/generative-interview-refactor-map.md","公开证据","保留历史证据","保持原位","目录与包级规则推断","0",""
"artifacts/generative-interview-board7/2026-07-28/work-v8-human-review.md","生成式访谈工作集人工评审包","6999d41c156bfdce72ed77d5158e7a118d4d5e9bd849bb9486c4040764af389c","已跟踪","历史证据","历史证据","artifacts/generative-interview-board7/README.md","docs/generative-interview-refactor-map.md","公开脱敏证据","保留历史证据","保持原位","目录与包级规则推断","0",""
"artifacts/generative-interview-board7/2026-07-28/work-v8-report.md","生成式访谈评测运行报告","f2f65f0683ddedfebaf850fb539e6fe7c8d41e9a11c11f7d5de2e232404d5e2f","已跟踪","历史证据","历史证据","artifacts/generative-interview-board7/README.md","docs/generative-interview-refactor-map.md","公开证据","保留历史证据","保持原位","目录与包级规则推断","0",""
"artifacts/generative-interview-board7/2026-07-29/architecture-ab-v2-human-review.md","生成式访谈一次 / 两次调用盲评包","1e3cdfa23228b9318e061daed65a5a6760ba3845f61a1d388b3faa2bed8e9809","已跟踪","历史证据","历史证据","artifacts/generative-interview-board7/README.md","docs/generative-interview-refactor-map.md","公开脱敏证据","保留历史证据","保持原位","目录与包级规则推断","0",""
"artifacts/generative-interview-board7/2026-07-29/architecture-ab-v2-report.md","生成式访谈调用架构 A/B 报告","0c629970d545135aa00c0bfc6c9fef7a9c38561dca8ca7534a3c1e58fc8daee9","已跟踪","历史证据","历史证据","artifacts/generative-interview-board7/README.md","docs/generative-interview-refactor-map.md","公开证据","保留历史证据","保持原位","目录与包级规则推断","0",""
"artifacts/generative-interview-board7/2026-07-29/architecture-ab-v2-tuning-v22-human-review.md","生成式访谈一次 / 两次调用盲评包","2835c4b9097c0a2105a95c62ba1b84750dd1139ab9bac867c7ca16333b971515","已跟踪","历史证据","历史证据","artifacts/generative-interview-board7/README.md","docs/generative-interview-refactor-map.md","公开脱敏证据","保留历史证据","保持原位","目录与包级规则推断","0",""
"artifacts/generative-interview-board7/2026-07-29/architecture-ab-v2-tuning-v22-report.md","生成式访谈调用架构 A/B 报告","9ff9ea60d6b1032ea4ceecd13c789fa80ac50fb446d505aa53660f704e180d94","已跟踪","历史证据","历史证据","artifacts/generative-interview-board7/README.md","docs/generative-interview-refactor-map.md","公开证据","保留历史证据","保持原位","目录与包级规则推断","0",""
"artifacts/generative-interview-board7/2026-07-29/architecture-ab-v3-qh01-r1-codex-review.md","板块 7｜B7-QH-01 第 1 轮 Codex 初评","e94d80cca502008f604816d3336437a7f9c745cec1ad656b0a91a3d255d67596","已跟踪","历史证据","历史证据","artifacts/generative-interview-board7/README.md","docs/generative-interview-refactor-map.md","公开脱敏证据","保留历史证据","保持原位","目录与包级规则推断","0",""
"artifacts/generative-interview-board7/2026-07-29/architecture-ab-v3-qh01-r1-report.md","生成式访谈调用架构 A/B 报告","8dda91ef17e153a419c99c9592c9b44cac1718cfc73e4f1afb72d7a256b3d5e6","已跟踪","历史证据","历史证据","artifacts/generative-interview-board7/README.md","docs/generative-interview-refactor-map.md","公开证据","保留历史证据","保持原位","目录与包级规则推断","0",""
"artifacts/generative-interview-board7/2026-07-29/architecture-ab-v3-qh01-r1-review.md","生成式访谈一次 / 两次调用盲评包","4dcb9203d3574675ae12bc2b7b6b1a2ff53a54511ed401e07857f5cef372753e","已跟踪","历史证据","历史证据","artifacts/generative-interview-board7/README.md","docs/generative-interview-refactor-map.md","公开脱敏证据","保留历史证据","保持原位","目录与包级规则推断","0",""
"artifacts/generative-interview-board7/2026-07-29/architecture-ab-v3-qh01-r2-codex-review.md","板块 7｜B7-QH-01 第 2 轮 Codex 初评","1b97bed84d67ba56c98092160cc4076b0f5a357157c72e6de19df2f2fb1648b8","已跟踪","历史证据","历史证据","artifacts/generative-interview-board7/README.md","docs/generative-interview-refactor-map.md","公开脱敏证据","保留历史证据","保持原位","目录与包级规则推断","0",""
"artifacts/generative-interview-board7/2026-07-29/architecture-ab-v3-qh01-r2-report.md","生成式访谈调用架构 A/B 报告","08465fe4b5f3a3a1a4e0fe3140e55578211679275724da57689e8d76f0667079","已跟踪","历史证据","历史证据","artifacts/generative-interview-board7/README.md","docs/generative-interview-refactor-map.md","公开证据","保留历史证据","保持原位","目录与包级规则推断","0",""
"artifacts/generative-interview-board7/2026-07-29/architecture-ab-v3-qh01-r2-review.md","生成式访谈一次 / 两次调用盲评包","fab1bbbdcd5fa790b52d0b9c4b5a17d3b632f4e19fa488167b682ff9e5718208","已跟踪","历史证据","历史证据","artifacts/generative-interview-board7/README.md","docs/generative-interview-refactor-map.md","公开脱敏证据","保留历史证据","保持原位","目录与包级规则推断","0",""
"artifacts/generative-interview-board7/2026-07-29/architecture-ab-v3-qh01-r3-codex-review.md","板块 7｜B7-QH-01 第 3 轮 Codex 初评","41df76e263f60ce64b7c4ab4b91d319824e09b6fa6873e3c39cda2bdecdc9ed3","已跟踪","历史证据","历史证据","artifacts/generative-interview-board7/README.md","docs/generative-interview-refactor-map.md","公开脱敏证据","保留历史证据","保持原位","目录与包级规则推断","0",""
"artifacts/generative-interview-board7/2026-07-29/architecture-ab-v3-qh01-r3-report.md","生成式访谈调用架构 A/B 报告","d45d9d49e51edd957d0bccf7dcd1ed813501286e3c128866d0e243c431090d5e","已跟踪","历史证据","历史证据","artifacts/generative-interview-board7/README.md","docs/generative-interview-refactor-map.md","公开证据","保留历史证据","保持原位","目录与包级规则推断","0",""
"artifacts/generative-interview-board7/2026-07-29/architecture-ab-v3-qh01-r3-review.md","生成式访谈一次 / 两次调用盲评包","e6a72e6bf7c74950a747f870ef8fee6b13a6f332e951d3118ec2b05b3e4a3fca","已跟踪","历史证据","历史证据","artifacts/generative-interview-board7/README.md","docs/generative-interview-refactor-map.md","公开脱敏证据","保留历史证据","保持原位","目录与包级规则推断","0",""
"artifacts/generative-interview-board7/2026-07-29/architecture-ab-v3-report.md","生成式访谈调用架构 A/B 报告","062f33582fa8582e2f0e0ca98521cb3ca8dfa42a57427c9e67fc96258ebdada5","已跟踪","历史证据","历史证据","artifacts/generative-interview-board7/README.md","docs/generative-interview-refactor-map.md","公开证据","保留历史证据","保持原位","目录与包级规则推断","0",""
"artifacts/generative-interview-board7/2026-07-29/architecture-ab-v3-review.md","生成式访谈一次 / 两次调用盲评包","bba22e3c4c308b622499931bff0932e6be81675c4dc40bb6a38ddea346e4a7c8","已跟踪","历史证据","历史证据","artifacts/generative-interview-board7/README.md","docs/generative-interview-refactor-map.md","公开脱敏证据","保留历史证据","保持原位","目录与包级规则推断","0",""
"artifacts/generative-interview-board7/2026-07-29/architecture-ab-v3-tuning-v45-report.md","生成式访谈调用架构 A/B 报告","3cf38f1935aa45edf52ed9a51e11052754b56eef87b3fe2d1c656f329125edba","已跟踪","历史证据","历史证据","artifacts/generative-interview-board7/README.md","docs/generative-interview-refactor-map.md","公开证据","保留历史证据","保持原位","目录与包级规则推断","0",""
"artifacts/generative-interview-board7/2026-07-29/architecture-ab-v3-tuning-v45-review.md","生成式访谈一次 / 两次调用盲评包","f3ed9131c5c86f819ce0de650015863250bcdcdd800cec57322446b50f47e721","已跟踪","历史证据","历史证据","artifacts/generative-interview-board7/README.md","docs/generative-interview-refactor-map.md","公开脱敏证据","保留历史证据","保持原位","目录与包级规则推断","0",""
"artifacts/generative-interview-board7/2026-07-29/architecture-ab-v3-tuning-v46-report.md","生成式访谈调用架构 A/B 报告","9113c5b1ac06a1fea1bfec66b6dc2e744b3f51bbeac7809ed682ef6c8d7a48ab","已跟踪","历史证据","历史证据","artifacts/generative-interview-board7/README.md","docs/generative-interview-refactor-map.md","公开证据","保留历史证据","保持原位","目录与包级规则推断","0",""
"artifacts/generative-interview-board7/2026-07-29/architecture-ab-v3-tuning-v46-review.md","生成式访谈一次 / 两次调用盲评包","4c77e47bfced92b0f857ce7b5671d5edc89eee36c089a098b52b4e64e0eb1a36","已跟踪","历史证据","历史证据","artifacts/generative-interview-board7/README.md","docs/generative-interview-refactor-map.md","公开脱敏证据","保留历史证据","保持原位","目录与包级规则推断","0",""
"artifacts/generative-interview-board7/2026-07-29/architecture-ab-v3-tuning-v47-report.md","生成式访谈调用架构 A/B 报告","b06c52d468434be785301b4b35108da367947664caedb37076daaffa81c6b865","已跟踪","历史证据","历史证据","artifacts/generative-interview-board7/README.md","docs/generative-interview-refactor-map.md","公开证据","保留历史证据","保持原位","目录与包级规则推断","0",""
"artifacts/generative-interview-board7/2026-07-29/architecture-ab-v3-tuning-v47-review.md","生成式访谈一次 / 两次调用盲评包","9c309ca7ad35c061b3927b85bc70292ed347d94fa1a38f5853b7187b493da7f0","已跟踪","历史证据","历史证据","artifacts/generative-interview-board7/README.md","docs/generative-interview-refactor-map.md","公开脱敏证据","保留历史证据","保持原位","目录与包级规则推断","0",""
"artifacts/generative-interview-board7/2026-07-29/architecture-ab-v3-tuning-v48-report.md","生成式访谈调用架构 A/B 报告","a0175fffa1831af220d2b4930da9298dfbafb3f6a7e4fa4b4926857fe5f8bb61","已跟踪","历史证据","历史证据","artifacts/generative-interview-board7/README.md","docs/generative-interview-refactor-map.md","公开证据","保留历史证据","保持原位","目录与包级规则推断","0",""
"artifacts/generative-interview-board7/2026-07-29/architecture-ab-v3-tuning-v48-review.md","生成式访谈一次 / 两次调用盲评包","9f7f8372fc90eeccfa42f5361fb670faf78312596132b244b360061cb5a81787","已跟踪","历史证据","历史证据","artifacts/generative-interview-board7/README.md","docs/generative-interview-refactor-map.md","公开脱敏证据","保留历史证据","保持原位","目录与包级规则推断","0",""
"artifacts/generative-interview-board7/2026-07-29/architecture-ab-v3-tuning-v49-report.md","生成式访谈调用架构 A/B 报告","c85ce858af463463b4fd120ed0f27718fa35fe7566b4fa0b2c4efdbe814b7386","已跟踪","历史证据","历史证据","artifacts/generative-interview-board7/README.md","docs/generative-interview-refactor-map.md","公开证据","保留历史证据","保持原位","目录与包级规则推断","0",""
"artifacts/generative-interview-board7/2026-07-29/architecture-ab-v3-tuning-v49-review.md","生成式访谈一次 / 两次调用盲评包","73affe30808b34fd36032bb46062017840064a9cabd1e6580a74d170a06b8194","已跟踪","历史证据","历史证据","artifacts/generative-interview-board7/README.md","docs/generative-interview-refactor-map.md","公开脱敏证据","保留历史证据","保持原位","目录与包级规则推断","0",""
"artifacts/generative-interview-board7/2026-07-29/architecture-ab-v3-tuning-v50-report.md","生成式访谈调用架构 A/B 报告","4e092ccc9bdb277a18517d895aa8609a0fb1cbe06535b1b0f04b4c4feeace163","已跟踪","历史证据","历史证据","artifacts/generative-interview-board7/README.md","docs/generative-interview-refactor-map.md","公开证据","保留历史证据","保持原位","目录与包级规则推断","0",""
"artifacts/generative-interview-board7/2026-07-29/architecture-ab-v3-tuning-v50-review.md","生成式访谈一次 / 两次调用盲评包","c476e787d72fed59e8779bef3f19cbe54093f8fd1277991a84e427f763d13cbf","已跟踪","历史证据","历史证据","artifacts/generative-interview-board7/README.md","docs/generative-interview-refactor-map.md","公开脱敏证据","保留历史证据","保持原位","目录与包级规则推断","0",""
"artifacts/generative-interview-board7/2026-07-29/architecture-ab-v3-tuning-v51-report.md","生成式访谈调用架构 A/B 报告","4a2249ad205a34b9e5b6c6cdd063c4968fcb9534857a36ae118545a85d22017a","已跟踪","历史证据","历史证据","artifacts/generative-interview-board7/README.md","docs/generative-interview-refactor-map.md","公开证据","保留历史证据","保持原位","目录与包级规则推断","0",""
"artifacts/generative-interview-board7/2026-07-29/architecture-ab-v3-tuning-v51-review.md","生成式访谈一次 / 两次调用盲评包","020ea01fb93e4688be17ede47d8b84553f4653611caadb17bd7f91aecb331228","已跟踪","历史证据","历史证据","artifacts/generative-interview-board7/README.md","docs/generative-interview-refactor-map.md","公开脱敏证据","保留历史证据","保持原位","目录与包级规则推断","0",""
"artifacts/generative-interview-board7/2026-07-29/architecture-ab-v50-four-angle-codex-calibration.md","板块 7｜v50 四角度 Codex 内部质量校准","e0ab022684b18577aed9fc9b936c06914ca3bfe71d0c54324d6effc6962d2f02","已跟踪","历史证据","历史证据","artifacts/generative-interview-board7/README.md","docs/generative-interview-refactor-map.md","公开证据","保留历史证据","保持原位","目录与包级规则推断","0",""
"artifacts/generative-interview-board7/2026-07-29/candidate-v3290-failure-reset-report.md","候选 3.29.0｜用户裁决与失败重置记录","2dc63c0d19273bb626e964ff4a420021f693f76e92b3296a5338d083f255b106","已跟踪","历史证据","历史证据","artifacts/generative-interview-board7/README.md","docs/generative-interview-refactor-map.md","公开证据","保留历史证据","保持原位","目录与包级规则推断","3",""
"artifacts/generative-interview-board7/2026-07-29/mvp-quality-repair-v1-smoke-r2-codex-review.md","板块 7｜MVP 四角度冒烟第 2 轮 Codex 初评","4cf0c54af1ca575e170248838f187fa875ccbf092d5fa47b3cf7f9866c0c52f1","已跟踪","历史证据","历史证据","artifacts/generative-interview-board7/README.md","docs/generative-interview-refactor-map.md","公开脱敏证据","保留历史证据","保持原位","目录与包级规则推断","4",""
"artifacts/generative-interview-board7/2026-07-29/mvp-quality-repair-v1-smoke-r2-report.md","生成式访谈评测运行报告","25cbc161eab12ee144e05b61e3fc27a49f0fb7c2dfec55364f4fc5a11bb4712c","已跟踪","历史证据","历史证据","artifacts/generative-interview-board7/README.md","docs/generative-interview-refactor-map.md","公开证据","保留历史证据","保持原位","目录与包级规则推断","0",""
"artifacts/generative-interview-board7/2026-07-29/mvp-quality-repair-v1-smoke-r2-review.md","板块 7 MVP 四角度冒烟人工评审包","30e79a082ee2d1e9b5693747fe1ebfb7cdcdea90d65c3f9f8eea87a0f980c97a","已跟踪","历史证据","历史证据","artifacts/generative-interview-board7/README.md","docs/generative-interview-refactor-map.md","公开脱敏证据","保留历史证据","保持原位","目录与包级规则推断","0",""
"artifacts/generative-interview-board7/2026-07-29/mvp-quality-repair-v1-smoke-report.md","生成式访谈评测运行报告","ad7693b63ebe3fb34eddccf1b8dab0bfa7ce27d460fb98a5d1633f90a3ccc795","已跟踪","历史证据","历史证据","artifacts/generative-interview-board7/README.md","docs/generative-interview-refactor-map.md","公开证据","保留历史证据","保持原位","目录与包级规则推断","0",""
"artifacts/generative-interview-board7/2026-07-29/mvp-quality-repair-v1-smoke-review.md","生成式访谈工作集人工评审包","e72e99420cae420b98360cf816bf8e92de26fb7f0d064cd3071abde7589cc41a","已跟踪","历史证据","历史证据","artifacts/generative-interview-board7/README.md","docs/generative-interview-refactor-map.md","公开脱敏证据","保留历史证据","保持原位","目录与包级规则推断","0",""
"artifacts/generative-interview-board7/2026-07-29/v2-rules-report.md","生成式访谈评测运行报告","224d88c986d64e50b611693a56d5ac12c0bc9e576aa29a2e49ae348c1d69bdc0","已跟踪","历史证据","历史证据","artifacts/generative-interview-board7/README.md","docs/generative-interview-refactor-map.md","公开证据","保留历史证据","保持原位","目录与包级规则推断","0",""
"artifacts/generative-interview-board7/2026-07-29/v2-smoke-one-call-report.md","生成式访谈评测运行报告","8522ee1d22bf4f035c0369219b60485bb1dd01f3d863fe8c4491cc15ff3c5657","已跟踪","历史证据","历史证据","artifacts/generative-interview-board7/README.md","docs/generative-interview-refactor-map.md","公开证据","保留历史证据","保持原位","目录与包级规则推断","0",""
"artifacts/generative-interview-board7/2026-07-29/v2-smoke-one-call-review.md","生成式访谈工作集人工评审包","111100dfe9c83d5a422d48fc43377da7bf6c93ea32be49fcd3d3c446ea4447e9","已跟踪","历史证据","历史证据","artifacts/generative-interview-board7/README.md","docs/generative-interview-refactor-map.md","公开脱敏证据","保留历史证据","保持原位","目录与包级规则推断","0",""
"artifacts/generative-interview-board7/2026-07-29/v2-smoke-r10-two-call-report.md","生成式访谈评测运行报告","e097be4aaa598396cca90a724b8e493a766426aceb0d4cb4943f280edfd2b245","已跟踪","历史证据","历史证据","artifacts/generative-interview-board7/README.md","docs/generative-interview-refactor-map.md","公开证据","保留历史证据","保持原位","目录与包级规则推断","0",""
"artifacts/generative-interview-board7/2026-07-29/v2-smoke-r10-two-call-review.md","生成式访谈工作集人工评审包","36e09099e107159a51853e0ce8baf3f7d2ec5aee76949ff9cf044ac7aa53fbc7","已跟踪","历史证据","历史证据","artifacts/generative-interview-board7/README.md","docs/generative-interview-refactor-map.md","公开脱敏证据","保留历史证据","保持原位","目录与包级规则推断","0",""
"artifacts/generative-interview-board7/2026-07-29/v2-smoke-r11-two-call-report.md","生成式访谈评测运行报告","96b56f899b64f220d2b33a0e4ef6ca31c276aefc788afbbfb39c01503e171ae8","已跟踪","历史证据","历史证据","artifacts/generative-interview-board7/README.md","docs/generative-interview-refactor-map.md","公开证据","保留历史证据","保持原位","目录与包级规则推断","0",""
"artifacts/generative-interview-board7/2026-07-29/v2-smoke-r11-two-call-review.md","生成式访谈工作集人工评审包","cd32e7e5881f9f24cbbbc8045d2f78e882bbc62dfff937330317d0803e7b3a5c","已跟踪","历史证据","历史证据","artifacts/generative-interview-board7/README.md","docs/generative-interview-refactor-map.md","公开脱敏证据","保留历史证据","保持原位","目录与包级规则推断","0",""
"artifacts/generative-interview-board7/2026-07-29/v2-smoke-r12-one-call-report.md","生成式访谈评测运行报告","863cf9962d41b97de49edd2530bb8470b197ec991bae71cccf11f2bb8cb8f068","已跟踪","历史证据","历史证据","artifacts/generative-interview-board7/README.md","docs/generative-interview-refactor-map.md","公开证据","保留历史证据","保持原位","目录与包级规则推断","0",""
"artifacts/generative-interview-board7/2026-07-29/v2-smoke-r12-one-call-review.md","生成式访谈工作集人工评审包","58cb1b6329b9576a2b7d1f4ec404508c9496ed4db57b2eb046c5258d6ca85e48","已跟踪","历史证据","历史证据","artifacts/generative-interview-board7/README.md","docs/generative-interview-refactor-map.md","公开脱敏证据","保留历史证据","保持原位","目录与包级规则推断","0",""
"artifacts/generative-interview-board7/2026-07-29/v2-smoke-r12-two-call-report.md","生成式访谈评测运行报告","50d7acbd82b7f0c0609a4aaf341d796fcc1c2884e47e64e5e2b400c6cea6f368","已跟踪","历史证据","历史证据","artifacts/generative-interview-board7/README.md","docs/generative-interview-refactor-map.md","公开证据","保留历史证据","保持原位","目录与包级规则推断","0",""
"artifacts/generative-interview-board7/2026-07-29/v2-smoke-r12-two-call-review.md","生成式访谈工作集人工评审包","a0cde1f796a4f343a0f8c8ae15d9a398bacd6ea323248b3be501a661c25cdc21","已跟踪","历史证据","历史证据","artifacts/generative-interview-board7/README.md","docs/generative-interview-refactor-map.md","公开脱敏证据","保留历史证据","保持原位","目录与包级规则推断","0",""
"artifacts/generative-interview-board7/2026-07-29/v2-smoke-r13-two-call-report.md","生成式访谈评测运行报告","67667ca463cdcc158cb22045040eecd1cb722aff8a855d4d655cee05f028b3f5","已跟踪","历史证据","历史证据","artifacts/generative-interview-board7/README.md","docs/generative-interview-refactor-map.md","公开证据","保留历史证据","保持原位","目录与包级规则推断","0",""
"artifacts/generative-interview-board7/2026-07-29/v2-smoke-r13-two-call-review.md","生成式访谈工作集人工评审包","2dfd4b938db37db5a7b52d7a7291355947e2e62bcff156cd82ecc3ae2c7b08ad","已跟踪","历史证据","历史证据","artifacts/generative-interview-board7/README.md","docs/generative-interview-refactor-map.md","公开脱敏证据","保留历史证据","保持原位","目录与包级规则推断","0",""
"artifacts/generative-interview-board7/2026-07-29/v2-smoke-r14-two-call-report.md","生成式访谈评测运行报告","1d193a8396e470ae4ab4968d0db8d337d7819b7f47bb774374cd6243bd8b2b57","已跟踪","历史证据","历史证据","artifacts/generative-interview-board7/README.md","docs/generative-interview-refactor-map.md","公开证据","保留历史证据","保持原位","目录与包级规则推断","0",""
"artifacts/generative-interview-board7/2026-07-29/v2-smoke-r14-two-call-review.md","生成式访谈工作集人工评审包","f425ef12e03a854163b6c4d7b86d6dca9bf93256c28583d7abf95ee49a38436d","已跟踪","历史证据","历史证据","artifacts/generative-interview-board7/README.md","docs/generative-interview-refactor-map.md","公开脱敏证据","保留历史证据","保持原位","目录与包级规则推断","0",""
"artifacts/generative-interview-board7/2026-07-29/v2-smoke-r15-two-call-report.md","生成式访谈评测运行报告","fe1019dc4ba2e30e1327b50e6f8845bbf18c191c0af3904c6d3003291ae35e30","已跟踪","历史证据","历史证据","artifacts/generative-interview-board7/README.md","docs/generative-interview-refactor-map.md","公开证据","保留历史证据","保持原位","目录与包级规则推断","0",""
"artifacts/generative-interview-board7/2026-07-29/v2-smoke-r15-two-call-review.md","生成式访谈工作集人工评审包","2f1ac0fc7400c4d589a61af5e339da6161d9027290e29ce84b0e2834e4202a76","已跟踪","历史证据","历史证据","artifacts/generative-interview-board7/README.md","docs/generative-interview-refactor-map.md","公开脱敏证据","保留历史证据","保持原位","目录与包级规则推断","0",""
"artifacts/generative-interview-board7/2026-07-29/v2-smoke-r16-two-call-report.md","生成式访谈评测运行报告","d8d1b1acba6a03b20bd2ee5ce6c7ee5a46ee3d3bd6a62a3422c57fe8694c74b0","已跟踪","历史证据","历史证据","artifacts/generative-interview-board7/README.md","docs/generative-interview-refactor-map.md","公开证据","保留历史证据","保持原位","目录与包级规则推断","0",""
"artifacts/generative-interview-board7/2026-07-29/v2-smoke-r16-two-call-review.md","生成式访谈工作集人工评审包","f0164101c8fe1495eb41e608ecdc336a070e82512cea23e241697c67c687f970","已跟踪","历史证据","历史证据","artifacts/generative-interview-board7/README.md","docs/generative-interview-refactor-map.md","公开脱敏证据","保留历史证据","保持原位","目录与包级规则推断","0",""
"artifacts/generative-interview-board7/2026-07-29/v2-smoke-r17-one-call-report.md","生成式访谈评测运行报告","295a2186c06799f2b55d2aabb7046df3d5a5e99408166746b8bd92b305e67ca8","已跟踪","历史证据","历史证据","artifacts/generative-interview-board7/README.md","docs/generative-interview-refactor-map.md","公开证据","保留历史证据","保持原位","目录与包级规则推断","0",""
"artifacts/generative-interview-board7/2026-07-29/v2-smoke-r17-one-call-review.md","生成式访谈工作集人工评审包","1f9a4240726d7839db997c2ba4932829882ba25d596e9abed2bd6b2ef771fa44","已跟踪","历史证据","历史证据","artifacts/generative-interview-board7/README.md","docs/generative-interview-refactor-map.md","公开脱敏证据","保留历史证据","保持原位","目录与包级规则推断","0",""
"artifacts/generative-interview-board7/2026-07-29/v2-smoke-r17-two-call-report.md","生成式访谈评测运行报告","0eabce75ba91941cef355d104b9c81299881c2f558cc2576eb15a8a843ea430c","已跟踪","历史证据","历史证据","artifacts/generative-interview-board7/README.md","docs/generative-interview-refactor-map.md","公开证据","保留历史证据","保持原位","目录与包级规则推断","0",""
"artifacts/generative-interview-board7/2026-07-29/v2-smoke-r17-two-call-review.md","生成式访谈工作集人工评审包","e40b72eb14d2b0f79da8e06febb57a50a48be4d95fdb0b5f3bd3be4e35f6a569","已跟踪","历史证据","历史证据","artifacts/generative-interview-board7/README.md","docs/generative-interview-refactor-map.md","公开脱敏证据","保留历史证据","保持原位","目录与包级规则推断","0",""
"artifacts/generative-interview-board7/2026-07-29/v2-smoke-r2-one-call-report.md","生成式访谈评测运行报告","f69fd7d47e9e4db5eb43d8f874f605ac5ab4e6c3a74d68321830cde440697385","已跟踪","历史证据","历史证据","artifacts/generative-interview-board7/README.md","docs/generative-interview-refactor-map.md","公开证据","保留历史证据","保持原位","目录与包级规则推断","0",""
"artifacts/generative-interview-board7/2026-07-29/v2-smoke-r2-one-call-review.md","生成式访谈工作集人工评审包","0933099f9c15e652208559493c36479431ebe0b06e72083945d9ac7f82a9f842","已跟踪","历史证据","历史证据","artifacts/generative-interview-board7/README.md","docs/generative-interview-refactor-map.md","公开脱敏证据","保留历史证据","保持原位","目录与包级规则推断","0",""
"artifacts/generative-interview-board7/2026-07-29/v2-smoke-r3-one-call-report.md","生成式访谈评测运行报告","8d86fc49d8ad4e5a55df8367608efbab7e140bd189f98422af43f0ec17f1a95c","已跟踪","历史证据","历史证据","artifacts/generative-interview-board7/README.md","docs/generative-interview-refactor-map.md","公开证据","保留历史证据","保持原位","目录与包级规则推断","0",""
"artifacts/generative-interview-board7/2026-07-29/v2-smoke-r3-one-call-review.md","生成式访谈工作集人工评审包","55b49a7258bcc7c5df536c85c9f617851d1181007fea778185f94c730da83880","已跟踪","历史证据","历史证据","artifacts/generative-interview-board7/README.md","docs/generative-interview-refactor-map.md","公开脱敏证据","保留历史证据","保持原位","目录与包级规则推断","0",""
"artifacts/generative-interview-board7/2026-07-29/v2-smoke-r3-two-call-report.md","生成式访谈评测运行报告","4fa25c2e0a4c1f312f640c67de307274a85e7140f1ac9764b889ccb025521415","已跟踪","历史证据","历史证据","artifacts/generative-interview-board7/README.md","docs/generative-interview-refactor-map.md","公开证据","保留历史证据","保持原位","目录与包级规则推断","0",""
"artifacts/generative-interview-board7/2026-07-29/v2-smoke-r3-two-call-review.md","生成式访谈工作集人工评审包","1216b4c1348be522eeed9dc164e9c32e5783066583630994c070bbb308d1a9c5","已跟踪","历史证据","历史证据","artifacts/generative-interview-board7/README.md","docs/generative-interview-refactor-map.md","公开脱敏证据","保留历史证据","保持原位","目录与包级规则推断","0",""
"artifacts/generative-interview-board7/2026-07-29/v2-smoke-r4-one-call-report.md","生成式访谈评测运行报告","472c8baa0394a64919298c38c65c341e6a28009d147177b3c1fc41e4d3629cb0","已跟踪","历史证据","历史证据","artifacts/generative-interview-board7/README.md","docs/generative-interview-refactor-map.md","公开证据","保留历史证据","保持原位","目录与包级规则推断","0",""
"artifacts/generative-interview-board7/2026-07-29/v2-smoke-r4-one-call-review.md","生成式访谈工作集人工评审包","52540755ac056485588e27dc60db9c0786273b1ccd14d30c517d3d724859d1d9","已跟踪","历史证据","历史证据","artifacts/generative-interview-board7/README.md","docs/generative-interview-refactor-map.md","公开脱敏证据","保留历史证据","保持原位","目录与包级规则推断","0",""
"artifacts/generative-interview-board7/2026-07-29/v2-smoke-r5-one-call-report.md","生成式访谈评测运行报告","a53c44339931d31342c1b01b44985ddb07d9418760c36d2a323ac672b19c0efb","已跟踪","历史证据","历史证据","artifacts/generative-interview-board7/README.md","docs/generative-interview-refactor-map.md","公开证据","保留历史证据","保持原位","目录与包级规则推断","0",""
"artifacts/generative-interview-board7/2026-07-29/v2-smoke-r5-one-call-review.md","生成式访谈工作集人工评审包","e984ec4b617d2b406b94a30ed17a31c2fa6ed627d3fb6c5a9793a319751bb8b4","已跟踪","历史证据","历史证据","artifacts/generative-interview-board7/README.md","docs/generative-interview-refactor-map.md","公开脱敏证据","保留历史证据","保持原位","目录与包级规则推断","0",""
"artifacts/generative-interview-board7/2026-07-29/v2-smoke-r6-one-call-report.md","生成式访谈评测运行报告","dbd07a5b1f10d95ccbb19eaec1b613c5cfad4978ed74092b6308168c57b36cb5","已跟踪","历史证据","历史证据","artifacts/generative-interview-board7/README.md","docs/generative-interview-refactor-map.md","公开证据","保留历史证据","保持原位","目录与包级规则推断","0",""
"artifacts/generative-interview-board7/2026-07-29/v2-smoke-r6-one-call-review.md","生成式访谈工作集人工评审包","c92f9c5f293fc198047f22ccc779e860dcd4c81db783b3388933859599b58f0e","已跟踪","历史证据","历史证据","artifacts/generative-interview-board7/README.md","docs/generative-interview-refactor-map.md","公开脱敏证据","保留历史证据","保持原位","目录与包级规则推断","0",""
"artifacts/generative-interview-board7/2026-07-29/v2-smoke-r6-two-call-report.md","生成式访谈评测运行报告","4c97df2345f1164d82b3c9ad9de97b1615e7324e3feea54c231ffe36fa04b7bd","已跟踪","历史证据","历史证据","artifacts/generative-interview-board7/README.md","docs/generative-interview-refactor-map.md","公开证据","保留历史证据","保持原位","目录与包级规则推断","0",""
"artifacts/generative-interview-board7/2026-07-29/v2-smoke-r6-two-call-review.md","生成式访谈工作集人工评审包","632bd36e9a334d25f1d42b9418f5dae12e6a74766de86d905575e1e631f83a8d","已跟踪","历史证据","历史证据","artifacts/generative-interview-board7/README.md","docs/generative-interview-refactor-map.md","公开脱敏证据","保留历史证据","保持原位","目录与包级规则推断","0",""
"artifacts/generative-interview-board7/2026-07-29/v2-smoke-r7-two-call-report.md","生成式访谈评测运行报告","8120bc6f9519e54d3cd6ee6209cfb1868e37fe634d0767edcc463c5620bf2253","已跟踪","历史证据","历史证据","artifacts/generative-interview-board7/README.md","docs/generative-interview-refactor-map.md","公开证据","保留历史证据","保持原位","目录与包级规则推断","0",""
"artifacts/generative-interview-board7/2026-07-29/v2-smoke-r7-two-call-review.md","生成式访谈工作集人工评审包","a016d8b34f7b8370b13b40c7e776a88dfc136474f217d53f14ef5317f9944ff4","已跟踪","历史证据","历史证据","artifacts/generative-interview-board7/README.md","docs/generative-interview-refactor-map.md","公开脱敏证据","保留历史证据","保持原位","目录与包级规则推断","0",""
"artifacts/generative-interview-board7/2026-07-29/v2-smoke-r8-two-call-report.md","生成式访谈评测运行报告","f554c6f0fa2367516830c2c80cf61ba60851f1e6e9708f8b25c1050766f8b315","已跟踪","历史证据","历史证据","artifacts/generative-interview-board7/README.md","docs/generative-interview-refactor-map.md","公开证据","保留历史证据","保持原位","目录与包级规则推断","0",""
"artifacts/generative-interview-board7/2026-07-29/v2-smoke-r8-two-call-review.md","生成式访谈工作集人工评审包","6b6eb307538752bdc832f37f555757b22d39ee9d87789bb446e993be321e9c36","已跟踪","历史证据","历史证据","artifacts/generative-interview-board7/README.md","docs/generative-interview-refactor-map.md","公开脱敏证据","保留历史证据","保持原位","目录与包级规则推断","0",""
"artifacts/generative-interview-board7/2026-07-29/v2-smoke-r9-two-call-report.md","生成式访谈评测运行报告","981e8a5e3686a363267f0fed0e703b7541b1a0daa58154c5f9f953014c204cc5","已跟踪","历史证据","历史证据","artifacts/generative-interview-board7/README.md","docs/generative-interview-refactor-map.md","公开证据","保留历史证据","保持原位","目录与包级规则推断","0",""
"artifacts/generative-interview-board7/2026-07-29/v2-smoke-r9-two-call-review.md","生成式访谈工作集人工评审包","c4d5574ad104d2c0649c07d3378f39ff3659f2bce5525477369b0ede7481c11a","已跟踪","历史证据","历史证据","artifacts/generative-interview-board7/README.md","docs/generative-interview-refactor-map.md","公开脱敏证据","保留历史证据","保持原位","目录与包级规则推断","0",""
"artifacts/generative-interview-board7/2026-07-29/v2-smoke-two-call-report.md","生成式访谈评测运行报告","b60e4d8d1f3aa05e232d00e0c5639e360265e187105698021de309e6d23a8c54","已跟踪","历史证据","历史证据","artifacts/generative-interview-board7/README.md","docs/generative-interview-refactor-map.md","公开证据","保留历史证据","保持原位","目录与包级规则推断","0",""
"artifacts/generative-interview-board7/2026-07-29/v2-smoke-two-call-review.md","生成式访谈工作集人工评审包","48f9f8fdaa11f5ddb0ce903ac649d79f64d7ee4285c0e9e79fb34884b6a186dd","已跟踪","历史证据","历史证据","artifacts/generative-interview-board7/README.md","docs/generative-interview-refactor-map.md","公开脱敏证据","保留历史证据","保持原位","目录与包级规则推断","0",""
"artifacts/generative-interview-board7/2026-07-29/v23-cross-angle-smoke-report.md","生成式访谈评测运行报告","dd9614b8ed68900572be91e3f384f39b6adbb85ad19431d1ef0101e6ddff4883","已跟踪","历史证据","历史证据","artifacts/generative-interview-board7/README.md","docs/generative-interview-refactor-map.md","公开证据","保留历史证据","保持原位","目录与包级规则推断","0",""
"artifacts/generative-interview-board7/2026-07-29/v23-cross-angle-smoke-review.md","生成式访谈工作集人工评审包","0f4621256653d209540c477453ca337ddcf795bb87065eecdfa42b22ad5e4369","已跟踪","历史证据","历史证据","artifacts/generative-interview-board7/README.md","docs/generative-interview-refactor-map.md","公开脱敏证据","保留历史证据","保持原位","目录与包级规则推断","0",""
"artifacts/generative-interview-board7/2026-07-29/v24-cross-angle-smoke-report.md","生成式访谈评测运行报告","b86a64812e7aafc4486f26cb8c08d4a819246ca032f5f2229afd1dfd9ab9f2d3","已跟踪","历史证据","历史证据","artifacts/generative-interview-board7/README.md","docs/generative-interview-refactor-map.md","公开证据","保留历史证据","保持原位","目录与包级规则推断","0",""
"artifacts/generative-interview-board7/2026-07-29/v24-cross-angle-smoke-review.md","生成式访谈工作集人工评审包","85440bf570fd3caec5a07ecbb7b465b284e9b0335cd5f5b798d4fe259fd0ea4e","已跟踪","历史证据","历史证据","artifacts/generative-interview-board7/README.md","docs/generative-interview-refactor-map.md","公开脱敏证据","保留历史证据","保持原位","目录与包级规则推断","0",""
"artifacts/generative-interview-board7/2026-07-29/v25-cross-angle-smoke-report.md","生成式访谈评测运行报告","55509a1b126bcae63b060bc36306e4a448416972abad33f348acef7349c9ae0c","已跟踪","历史证据","历史证据","artifacts/generative-interview-board7/README.md","docs/generative-interview-refactor-map.md","公开证据","保留历史证据","保持原位","目录与包级规则推断","0",""
"artifacts/generative-interview-board7/2026-07-29/v25-cross-angle-smoke-review.md","生成式访谈工作集人工评审包","784cb95796a58689c1be5055818a5b6e9e365b8c61cafa4a9193f2333391052c","已跟踪","历史证据","历史证据","artifacts/generative-interview-board7/README.md","docs/generative-interview-refactor-map.md","公开脱敏证据","保留历史证据","保持原位","目录与包级规则推断","0",""
"artifacts/generative-interview-board7/2026-07-29/v26-cross-angle-smoke-report.md","生成式访谈评测运行报告","7e6f4f9337e4a9373da794e24c05b0feb941c5f1875eba989d0b77de035a4475","已跟踪","历史证据","历史证据","artifacts/generative-interview-board7/README.md","docs/generative-interview-refactor-map.md","公开证据","保留历史证据","保持原位","目录与包级规则推断","0",""
"artifacts/generative-interview-board7/2026-07-29/v26-cross-angle-smoke-review.md","生成式访谈工作集人工评审包","b94d90ce0b140d1900f3de7179f7b54ea40e8b72d1dbb5875b7e15d96bfbfa39","已跟踪","历史证据","历史证据","artifacts/generative-interview-board7/README.md","docs/generative-interview-refactor-map.md","公开脱敏证据","保留历史证据","保持原位","目录与包级规则推断","0",""
"artifacts/generative-interview-board7/2026-07-29/v27-cross-angle-smoke-report.md","生成式访谈评测运行报告","6603a1d27305687d5bf38d6472806d77c1bb4a72e624dcad9e3bbcec9820ae3e","已跟踪","历史证据","历史证据","artifacts/generative-interview-board7/README.md","docs/generative-interview-refactor-map.md","公开证据","保留历史证据","保持原位","目录与包级规则推断","0",""
"artifacts/generative-interview-board7/2026-07-29/v27-cross-angle-smoke-review.md","生成式访谈工作集人工评审包","bdd75695839d6d37bef609be4aca5df9a43d5092954d2ec7812d563a8090c6c9","已跟踪","历史证据","历史证据","artifacts/generative-interview-board7/README.md","docs/generative-interview-refactor-map.md","公开脱敏证据","保留历史证据","保持原位","目录与包级规则推断","0",""
"artifacts/generative-interview-board7/2026-07-29/v28-cross-angle-smoke-report.md","生成式访谈评测运行报告","49437dda2dab7190d94bf0d039b47a91ef0e17d73b21959f5b17a45c6b2143ca","已跟踪","历史证据","历史证据","artifacts/generative-interview-board7/README.md","docs/generative-interview-refactor-map.md","公开证据","保留历史证据","保持原位","目录与包级规则推断","0",""
"artifacts/generative-interview-board7/2026-07-29/v28-cross-angle-smoke-review.md","生成式访谈工作集人工评审包","356ad6e31849b5c5a31b00e9ea7c468c478ec1a6bad54305858bda04d86136b3","已跟踪","历史证据","历史证据","artifacts/generative-interview-board7/README.md","docs/generative-interview-refactor-map.md","公开脱敏证据","保留历史证据","保持原位","目录与包级规则推断","0",""
"artifacts/generative-interview-board7/2026-07-29/v29-cross-angle-smoke-report.md","生成式访谈评测运行报告","7981ef9794f8bd9924522eab121bee5729d75fc20b361bfaf2fc94c485ff84c3","已跟踪","历史证据","历史证据","artifacts/generative-interview-board7/README.md","docs/generative-interview-refactor-map.md","公开证据","保留历史证据","保持原位","目录与包级规则推断","0",""
"artifacts/generative-interview-board7/2026-07-29/v29-cross-angle-smoke-review.md","生成式访谈工作集人工评审包","663d1c0ab03d4ca58ae2ed48d5ef449554bef0a79d0f964bf61d01793abe5fe4","已跟踪","历史证据","历史证据","artifacts/generative-interview-board7/README.md","docs/generative-interview-refactor-map.md","公开脱敏证据","保留历史证据","保持原位","目录与包级规则推断","0",""
"artifacts/generative-interview-board7/2026-07-29/v30-cross-angle-smoke-report.md","生成式访谈评测运行报告","cb4351d4f140f9f6a3219aa0191af941225bf374a0cd75e411557682330e1512","已跟踪","历史证据","历史证据","artifacts/generative-interview-board7/README.md","docs/generative-interview-refactor-map.md","公开证据","保留历史证据","保持原位","目录与包级规则推断","0",""
"artifacts/generative-interview-board7/2026-07-29/v30-cross-angle-smoke-review.md","生成式访谈工作集人工评审包","08858afcdae77be4314c5c26c0945f87c8d5a111e93c85107dde85da8ccdfeb4","已跟踪","历史证据","历史证据","artifacts/generative-interview-board7/README.md","docs/generative-interview-refactor-map.md","公开脱敏证据","保留历史证据","保持原位","目录与包级规则推断","0",""
"artifacts/generative-interview-board7/2026-07-29/v31-cross-angle-smoke-report.md","生成式访谈评测运行报告","e49cd363945cb04d19bab5ba36408c725507cc9c714f40156aa4847dc5286531","已跟踪","历史证据","历史证据","artifacts/generative-interview-board7/README.md","docs/generative-interview-refactor-map.md","公开证据","保留历史证据","保持原位","目录与包级规则推断","0",""
"artifacts/generative-interview-board7/2026-07-29/v31-cross-angle-smoke-review.md","生成式访谈工作集人工评审包","39b7c6750f1bf79f47d3b1927fb470510ab5b8f7449e3e862c52a9c60cbe62f4","已跟踪","历史证据","历史证据","artifacts/generative-interview-board7/README.md","docs/generative-interview-refactor-map.md","公开脱敏证据","保留历史证据","保持原位","目录与包级规则推断","0",""
"artifacts/generative-interview-board7/2026-07-29/v32-cross-angle-smoke-report.md","生成式访谈评测运行报告","3664e817d625df150001af51f4bba4e52dba7efa666de0d1a766e0dd42701c43","已跟踪","历史证据","历史证据","artifacts/generative-interview-board7/README.md","docs/generative-interview-refactor-map.md","公开证据","保留历史证据","保持原位","目录与包级规则推断","0",""
"artifacts/generative-interview-board7/2026-07-29/v32-cross-angle-smoke-review.md","生成式访谈工作集人工评审包","fa153d53b43a5d9e270e47ef562b292ec4d54fa59fb791c004af522adbab9e0f","已跟踪","历史证据","历史证据","artifacts/generative-interview-board7/README.md","docs/generative-interview-refactor-map.md","公开脱敏证据","保留历史证据","保持原位","目录与包级规则推断","0",""
"artifacts/generative-interview-board7/2026-07-29/v33-cross-angle-smoke-report.md","生成式访谈评测运行报告","9600fe26335a2d8aa02f7a32231d39fe5f97678260e6a953cf5f64039cf92fe2","已跟踪","历史证据","历史证据","artifacts/generative-interview-board7/README.md","docs/generative-interview-refactor-map.md","公开证据","保留历史证据","保持原位","目录与包级规则推断","0",""
"artifacts/generative-interview-board7/2026-07-29/v33-cross-angle-smoke-review.md","生成式访谈工作集人工评审包","37e05c8123354aefd80f10e1538992bedb46156ea6b518da0249cf7d8197b905","已跟踪","历史证据","历史证据","artifacts/generative-interview-board7/README.md","docs/generative-interview-refactor-map.md","公开脱敏证据","保留历史证据","保持原位","目录与包级规则推断","0",""
"artifacts/generative-interview-board7/2026-07-29/v34-cross-angle-smoke-report.md","生成式访谈评测运行报告","dba9825ea1b310d07a8415e71779c759a8eecc2bdd37ba5cdc348a4efa0ff1ea","已跟踪","历史证据","历史证据","artifacts/generative-interview-board7/README.md","docs/generative-interview-refactor-map.md","公开证据","保留历史证据","保持原位","目录与包级规则推断","0",""
"artifacts/generative-interview-board7/2026-07-29/v34-cross-angle-smoke-review.md","生成式访谈工作集人工评审包","2301f04a39ae0ef8ee1a1f6d83dd82b8646c7cbaba7c3b376ce055ca93d15aa8","已跟踪","历史证据","历史证据","artifacts/generative-interview-board7/README.md","docs/generative-interview-refactor-map.md","公开脱敏证据","保留历史证据","保持原位","目录与包级规则推断","0",""
"artifacts/generative-interview-board7/2026-07-29/v34-targeted-smoke-report.md","生成式访谈评测运行报告","61b017a414dee1a6a82b7a7867d420e7a6b10484e9a882a0a24cd9dee69149ae","已跟踪","历史证据","历史证据","artifacts/generative-interview-board7/README.md","docs/generative-interview-refactor-map.md","公开证据","保留历史证据","保持原位","目录与包级规则推断","0",""
"artifacts/generative-interview-board7/2026-07-29/v34-targeted-smoke-review.md","生成式访谈工作集人工评审包","3e45baa293cfe634b1cee613f00935c65f1c4e44bfe4c797dba31cdd4847cd44","已跟踪","历史证据","历史证据","artifacts/generative-interview-board7/README.md","docs/generative-interview-refactor-map.md","公开脱敏证据","保留历史证据","保持原位","目录与包级规则推断","0",""
"artifacts/generative-interview-board7/2026-07-29/v35-targeted-smoke-r2-review.md","生成式访谈工作集人工评审包","44165fe7c4430683e2d738c2d7878111045180d8ffdeb9c8df331659923268e9","已跟踪","历史证据","历史证据","artifacts/generative-interview-board7/README.md","docs/generative-interview-refactor-map.md","公开脱敏证据","保留历史证据","保持原位","目录与包级规则推断","0",""
"artifacts/generative-interview-board7/2026-07-29/v35-targeted-smoke-report.md","生成式访谈评测运行报告","55eb663f400eb37de8a2ad1a714cd83c042e4dbd032143c9fcd8f5f06377015e","已跟踪","历史证据","历史证据","artifacts/generative-interview-board7/README.md","docs/generative-interview-refactor-map.md","公开证据","保留历史证据","保持原位","目录与包级规则推断","0",""
"artifacts/generative-interview-board7/2026-07-29/v35-targeted-smoke-review.md","生成式访谈工作集人工评审包","277e3f2ccbddfb3d5949cbaf549460466f0e41c63a2d2bb42215a4af90bd48af","已跟踪","历史证据","历史证据","artifacts/generative-interview-board7/README.md","docs/generative-interview-refactor-map.md","公开脱敏证据","保留历史证据","保持原位","目录与包级规则推断","0",""
"artifacts/generative-interview-board7/2026-07-29/v36-targeted-smoke-r2-review.md","生成式访谈工作集人工评审包","d2195ee27ebf84a2912b5402f70664a5791000963a4bd5368bfab1967b8a0f30","已跟踪","历史证据","历史证据","artifacts/generative-interview-board7/README.md","docs/generative-interview-refactor-map.md","公开脱敏证据","保留历史证据","保持原位","目录与包级规则推断","0",""
"artifacts/generative-interview-board7/2026-07-29/v36-targeted-smoke-report.md","生成式访谈评测运行报告","731dd326055100f97faa0811fdb5e8b0cb0c4c435114c9f0279e6fc27caef1e7","已跟踪","历史证据","历史证据","artifacts/generative-interview-board7/README.md","docs/generative-interview-refactor-map.md","公开证据","保留历史证据","保持原位","目录与包级规则推断","0",""
"artifacts/generative-interview-board7/2026-07-29/v36-targeted-smoke-review.md","生成式访谈工作集人工评审包","19fce48b259c2fb34255562620a87939b7d0783048be8634402a35adcf78fb64","已跟踪","历史证据","历史证据","artifacts/generative-interview-board7/README.md","docs/generative-interview-refactor-map.md","公开脱敏证据","保留历史证据","保持原位","目录与包级规则推断","0",""
"artifacts/generative-interview-board7/2026-07-29/v37-cross-angle-smoke-report.md","生成式访谈评测运行报告","9d8d4da65a243e45337f1c36ff3f1ce9468de7b8129d4e68bfb51e3a7f193f91","已跟踪","历史证据","历史证据","artifacts/generative-interview-board7/README.md","docs/generative-interview-refactor-map.md","公开证据","保留历史证据","保持原位","目录与包级规则推断","0",""
"artifacts/generative-interview-board7/2026-07-29/v37-cross-angle-smoke-review.md","生成式访谈工作集人工评审包","fae224978323524a05f0ff5fe12ab319b89277ad3880023b075aadc38151239e","已跟踪","历史证据","历史证据","artifacts/generative-interview-board7/README.md","docs/generative-interview-refactor-map.md","公开脱敏证据","保留历史证据","保持原位","目录与包级规则推断","0",""
"artifacts/generative-interview-board7/2026-07-29/v37-targeted-smoke-report.md","生成式访谈评测运行报告","4eadfe0ee477fb750889fec3d67f3a474a284ae4ebbe4d3ba5b56c36195a243b","已跟踪","历史证据","历史证据","artifacts/generative-interview-board7/README.md","docs/generative-interview-refactor-map.md","公开证据","保留历史证据","保持原位","目录与包级规则推断","0",""
"artifacts/generative-interview-board7/2026-07-29/v37-targeted-smoke-review.md","生成式访谈工作集人工评审包","6d340516e1163e4e7d2852cbd14af164b0349b410de5913afa60192f60f08d27","已跟踪","历史证据","历史证据","artifacts/generative-interview-board7/README.md","docs/generative-interview-refactor-map.md","公开脱敏证据","保留历史证据","保持原位","目录与包级规则推断","0",""
"artifacts/generative-interview-board7/2026-07-29/v38-cross-angle-smoke-report.md","生成式访谈评测运行报告","d60122f4372c685ee0202196c41c517017e7130247e5b5042a161c661ae59c84","已跟踪","历史证据","历史证据","artifacts/generative-interview-board7/README.md","docs/generative-interview-refactor-map.md","公开证据","保留历史证据","保持原位","目录与包级规则推断","0",""
"artifacts/generative-interview-board7/2026-07-29/v38-cross-angle-smoke-review.md","生成式访谈工作集人工评审包","63d69423e96da4ee7631f4d926ae616888301cf2615ef7df211db790074368ea","已跟踪","历史证据","历史证据","artifacts/generative-interview-board7/README.md","docs/generative-interview-refactor-map.md","公开脱敏证据","保留历史证据","保持原位","目录与包级规则推断","0",""
"artifacts/generative-interview-board7/2026-07-29/v38-s04-r2-report.md","生成式访谈评测运行报告","dd8d2d3c00188c2936aec9a6a976d62a17cec304f1b3e635a7cdd30c130444db","已跟踪","历史证据","历史证据","artifacts/generative-interview-board7/README.md","docs/generative-interview-refactor-map.md","公开证据","保留历史证据","保持原位","目录与包级规则推断","0",""
"artifacts/generative-interview-board7/2026-07-29/v38-s04-r2-review.md","生成式访谈工作集人工评审包","98ad28a7d90fc44ed7e04d09f6dfa69cd90a610d1b9d8ace2cb877959bc302df","已跟踪","历史证据","历史证据","artifacts/generative-interview-board7/README.md","docs/generative-interview-refactor-map.md","公开脱敏证据","保留历史证据","保持原位","目录与包级规则推断","0",""
"artifacts/generative-interview-board7/2026-07-29/v39-cross-angle-smoke-report.md","生成式访谈评测运行报告","729ef1197982a506b429484206f956b2e94f1aa57c16b77e07ef3026c5f6b83e","已跟踪","历史证据","历史证据","artifacts/generative-interview-board7/README.md","docs/generative-interview-refactor-map.md","公开证据","保留历史证据","保持原位","目录与包级规则推断","0",""
"artifacts/generative-interview-board7/2026-07-29/v39-cross-angle-smoke-review.md","生成式访谈工作集人工评审包","193a13eec8045b12197a134b9c4a72cff8f4d8d7e60b5b8e4a6f2e9af0f64e87","已跟踪","历史证据","历史证据","artifacts/generative-interview-board7/README.md","docs/generative-interview-refactor-map.md","公开脱敏证据","保留历史证据","保持原位","目录与包级规则推断","0",""
"artifacts/generative-interview-board7/2026-07-29/v40-cross-angle-smoke-report.md","生成式访谈评测运行报告","751388e7750a78ba589c5ed5568d4b17990b3204e9e181f3e88f8407e9c04cad","已跟踪","历史证据","历史证据","artifacts/generative-interview-board7/README.md","docs/generative-interview-refactor-map.md","公开证据","保留历史证据","保持原位","目录与包级规则推断","0",""
"artifacts/generative-interview-board7/2026-07-29/v40-cross-angle-smoke-review.md","生成式访谈工作集人工评审包","ed493b8cf5cac9b68083ae34d1a7e648d89e3e24af553dba129e62603f12fe86","已跟踪","历史证据","历史证据","artifacts/generative-interview-board7/README.md","docs/generative-interview-refactor-map.md","公开脱敏证据","保留历史证据","保持原位","目录与包级规则推断","0",""
"artifacts/generative-interview-board7/2026-07-29/v40-s03-targeted-report.md","生成式访谈评测运行报告","9531454fc8c4827f6720480d6e88c48fcf422fd555b1e7710b1c6adce6e893db","已跟踪","历史证据","历史证据","artifacts/generative-interview-board7/README.md","docs/generative-interview-refactor-map.md","公开证据","保留历史证据","保持原位","目录与包级规则推断","0",""
"artifacts/generative-interview-board7/2026-07-29/v40-s03-targeted-review.md","生成式访谈工作集人工评审包","cce0afe9d70e62e7e195ac4449187a5baa3ef852d9e6d27cf483baae5350735f","已跟踪","历史证据","历史证据","artifacts/generative-interview-board7/README.md","docs/generative-interview-refactor-map.md","公开脱敏证据","保留历史证据","保持原位","目录与包级规则推断","0",""
"artifacts/generative-interview-board7/2026-07-29/v41-ready-summary-targeted-report.md","生成式访谈评测运行报告","154fa47a3d78657dfa3860cacf0e072369d31f7b99273098dbf7215f5fadadc7","已跟踪","历史证据","历史证据","artifacts/generative-interview-board7/README.md","docs/generative-interview-refactor-map.md","公开证据","保留历史证据","保持原位","目录与包级规则推断","0",""
"artifacts/generative-interview-board7/2026-07-29/v41-ready-summary-targeted-review.md","生成式访谈工作集人工评审包","0a44617956a7dbceea925d751102d0d1a900dd00ab8a5b8a0c52831d9346c1a4","已跟踪","历史证据","历史证据","artifacts/generative-interview-board7/README.md","docs/generative-interview-refactor-map.md","公开脱敏证据","保留历史证据","保持原位","目录与包级规则推断","0",""
"artifacts/generative-interview-board7/2026-07-29/v42-cross-angle-smoke-report.md","生成式访谈评测运行报告","fd065c79334b4db0f51406c7e744aebb7d6158d6875471709fb92cbf2a2e112f","已跟踪","历史证据","历史证据","artifacts/generative-interview-board7/README.md","docs/generative-interview-refactor-map.md","公开证据","保留历史证据","保持原位","目录与包级规则推断","0",""
"artifacts/generative-interview-board7/2026-07-29/v42-cross-angle-smoke-review.md","生成式访谈工作集人工评审包","094a4a57daf77ec67c06aba2a5c6369cfe3625d238b9f93bd3072e04a64154e9","已跟踪","历史证据","历史证据","artifacts/generative-interview-board7/README.md","docs/generative-interview-refactor-map.md","公开脱敏证据","保留历史证据","保持原位","目录与包级规则推断","0",""
"artifacts/generative-interview-board7/2026-07-29/v42-s08-targeted-report.md","生成式访谈评测运行报告","78b1f70b4b823a102936ec423084ff3f363f5d51bf762da763240e4d449b610a","已跟踪","历史证据","历史证据","artifacts/generative-interview-board7/README.md","docs/generative-interview-refactor-map.md","公开证据","保留历史证据","保持原位","目录与包级规则推断","0",""
"artifacts/generative-interview-board7/2026-07-29/v42-s08-targeted-review.md","生成式访谈工作集人工评审包","ad24198614d20ee814a5493101f265b31f649c48c6908a1a6b3a88e6fd79c1df","已跟踪","历史证据","历史证据","artifacts/generative-interview-board7/README.md","docs/generative-interview-refactor-map.md","公开脱敏证据","保留历史证据","保持原位","目录与包级规则推断","0",""
"artifacts/generative-interview-board7/2026-07-29/v43-cross-angle-smoke-report.md","生成式访谈评测运行报告","f444bd955cddfe27c70758809ad12e605a0cd4b311f569e677428f30a1d02598","已跟踪","历史证据","历史证据","artifacts/generative-interview-board7/README.md","docs/generative-interview-refactor-map.md","公开证据","保留历史证据","保持原位","目录与包级规则推断","0",""
"artifacts/generative-interview-board7/2026-07-29/v43-cross-angle-smoke-review.md","生成式访谈工作集人工评审包","fba8369fcf3c5af88e922a9e98e57680a42e90799b6026909e8caf0a5f519892","已跟踪","历史证据","历史证据","artifacts/generative-interview-board7/README.md","docs/generative-interview-refactor-map.md","公开脱敏证据","保留历史证据","保持原位","目录与包级规则推断","0",""
"artifacts/generative-interview-board7/2026-07-29/v43-s08-targeted-report.md","生成式访谈评测运行报告","c8b38dc2e09ad4b9f07a281c1b54b23c49eb5d3082a47fdbc13358de2145f0a2","已跟踪","历史证据","历史证据","artifacts/generative-interview-board7/README.md","docs/generative-interview-refactor-map.md","公开证据","保留历史证据","保持原位","目录与包级规则推断","0",""
"artifacts/generative-interview-board7/2026-07-29/v43-s08-targeted-review.md","生成式访谈工作集人工评审包","be034aaa25c688eb3f7c80e683f8bbe8a22c804f5a86a7a13abf1c715af61730","已跟踪","历史证据","历史证据","artifacts/generative-interview-board7/README.md","docs/generative-interview-refactor-map.md","公开脱敏证据","保留历史证据","保持原位","目录与包级规则推断","0",""
"artifacts/generative-interview-board7/2026-07-29/v44-insight-summary-targeted-report.md","生成式访谈评测运行报告","557053881ac6c8cd604794ad054b9d3108078302e9d02b508e5341b03f8225dc","已跟踪","历史证据","历史证据","artifacts/generative-interview-board7/README.md","docs/generative-interview-refactor-map.md","公开证据","保留历史证据","保持原位","目录与包级规则推断","0",""
"artifacts/generative-interview-board7/2026-07-29/v44-insight-summary-targeted-review.md","生成式访谈工作集人工评审包","ed0d457c301ddd540e84745cf8bbb9ac194f802305350c690691b0b5f5afa9da","已跟踪","历史证据","历史证据","artifacts/generative-interview-board7/README.md","docs/generative-interview-refactor-map.md","公开脱敏证据","保留历史证据","保持原位","目录与包级规则推断","0",""
"artifacts/generative-interview-board7/2026-07-30/board7-gi009-two-call-targeted-human-review.md","板块 7 MVP 12 条三类分流冒烟人工评审包","88a5217296c481f0280590e256595e6f5a3eb19c8484fe164a209c5862984bc4","已跟踪","历史证据","历史证据","artifacts/generative-interview-board7/README.md","docs/generative-interview-refactor-map.md","公开脱敏证据","保留历史证据","保持原位","目录与包级规则推断","0",""
"artifacts/generative-interview-board7/2026-07-30/board7-gi009-two-call-targeted-report.md","生成式访谈评测运行报告","d10008ebf467f08ac26eaf4041242d03384ee506eec0eab1c76f970b6837fa95","已跟踪","历史证据","历史证据","artifacts/generative-interview-board7/README.md","docs/generative-interview-refactor-map.md","公开证据","保留历史证据","保持原位","目录与包级规则推断","0",""
"artifacts/generative-interview-board7/2026-07-30/board7-gi009-two-call-targeted-reviewed-human-review.md","板块 7 MVP 12 条三类分流冒烟人工评审包（delegated acceptance）","716e475b5a10bb7221b8c5b7f13c168d873d77612785f9e3e5d6b4d380491b49","已跟踪","历史证据","历史证据","artifacts/generative-interview-board7/README.md","docs/generative-interview-refactor-map.md","公开脱敏证据","保留历史证据","保持原位","目录与包级规则推断","0",""
"artifacts/generative-interview-board7/2026-07-30/board7-gi009-two-call-targeted-reviewed-report.md","生成式访谈评测运行报告","34dc10a2fdd9f6b22cf696c7191cd49ba63ea95b71b29396d9c4be8dcdada6a3","已跟踪","历史证据","历史证据","artifacts/generative-interview-board7/README.md","docs/generative-interview-refactor-map.md","公开脱敏证据","保留历史证据","保持原位","目录与包级规则推断","0",""
"artifacts/generative-interview-board7/2026-07-30/board7-smoke-case-confirmation-v2.md","板块 7｜严格冒烟案例确认包","6ac78e097e402372c18fc499fe20acf144d1432828d6149689bcd485305331bf","已跟踪","历史证据","历史证据","artifacts/generative-interview-board7/README.md","docs/generative-interview-refactor-map.md","公开证据","保留历史证据","保持原位","目录与包级规则推断","0",""
"artifacts/generative-interview-board7/2026-07-30/board7-smoke-case-confirmation-v3.md","板块 7｜严格冒烟案例确认包","6066050c2145e5bcd7d7a934d42a4a99a03adf106fee1757f0a360d11dc7281f","已跟踪","历史证据","历史证据","artifacts/generative-interview-board7/README.md","docs/generative-interview-refactor-map.md","公开证据","保留历史证据","保持原位","目录与包级规则推断","0",""
"artifacts/generative-interview-board7/2026-07-30/board7-smoke-case-confirmation-v4.md","板块 7｜严格冒烟案例确认包","322ae4204ac301efdaf83de4e844e737ee39706914e0aee38f458ca9d09daa5f","已跟踪","历史证据","历史证据","artifacts/generative-interview-board7/README.md","docs/generative-interview-refactor-map.md","公开证据","保留历史证据","保持原位","目录与包级规则推断","0",""
"artifacts/generative-interview-board7/2026-07-30/board7-smoke-case-confirmation-v5.md","板块 7｜严格冒烟案例确认包","85576582892adaf5ff36ab136936fc25d769eee0649559e7be2c8b233de978bc","已跟踪","历史证据","历史证据","artifacts/generative-interview-board7/README.md","docs/generative-interview-refactor-map.md","公开证据","保留历史证据","保持原位","目录与包级规则推断","0",""
"artifacts/generative-interview-board7/2026-07-30/board7-smoke-case-confirmation.md","板块 7｜严格冒烟案例确认包","454642532b8ce0bc4e8524ff0937ac0f5b084f291b691d3d8655da99745804de","已跟踪","历史证据","历史证据","artifacts/generative-interview-board7/README.md","docs/generative-interview-refactor-map.md","公开证据","保留历史证据","保持原位","目录与包级规则推断","0",""
"artifacts/generative-interview-board7/2026-07-30/board7-stability-case-confirmation.md","板块 7｜自然开发集案例确认包","d385d590a636b88ffb2a036f5b85e258c20e59b7475d22b73dba7985e8f3e484","已跟踪","历史证据","历史证据","artifacts/generative-interview-board7/README.md","docs/generative-interview-refactor-map.md","公开证据","保留历史证据","保持原位","目录与包级规则推断","0",""
"artifacts/generative-interview-board7/2026-07-30/board7-v59-approved-smoke-network-retry-report.md","生成式访谈评测运行报告","39d32d5bc229b40deb4b21f7d7c8624baa81c3bcfd991b8028f9b64f7ab4b9de","已跟踪","历史证据","历史证据","artifacts/generative-interview-board7/README.md","docs/generative-interview-refactor-map.md","公开证据","保留历史证据","保持原位","目录与包级规则推断","0",""
"artifacts/generative-interview-board7/2026-07-30/board7-v59-approved-smoke-network-retry-review.md","板块 7 MVP 12 条三类分流冒烟人工评审包","da7dffd91f657b93c107820eaa2907e4ae6aa80a5c9081a213d97f0e0798e259","已跟踪","历史证据","历史证据","artifacts/generative-interview-board7/README.md","docs/generative-interview-refactor-map.md","公开脱敏证据","保留历史证据","保持原位","目录与包级规则推断","0",""
"artifacts/generative-interview-board7/2026-07-30/board7-v59-approved-smoke-report.md","生成式访谈评测运行报告","ade985df69a2a79404e5ded82559f9bfdc6869f3ac0b809fe65f5fb9247d7942","已跟踪","历史证据","历史证据","artifacts/generative-interview-board7/README.md","docs/generative-interview-refactor-map.md","公开证据","保留历史证据","保持原位","目录与包级规则推断","0",""
"artifacts/generative-interview-board7/2026-07-30/board7-v59-approved-smoke-review.md","板块 7 MVP 12 条三类分流冒烟人工评审包","ae12b23b64305ef094ee0258566541d81716681cacae233e0ca907f0129f5397","已跟踪","历史证据","历史证据","artifacts/generative-interview-board7/README.md","docs/generative-interview-refactor-map.md","公开脱敏证据","保留历史证据","保持原位","目录与包级规则推断","0",""
"artifacts/generative-interview-board7/2026-07-30/board7-v59-approved-smoke-user-review.md","板块 7｜v59 冒烟结果用户裁决包","b298db9eaa1ed3880a2dfc23ced83193cc14776fe1cbc91de20a1f49838c5792","已跟踪","历史证据","历史证据","artifacts/generative-interview-board7/README.md","docs/generative-interview-refactor-map.md","公开脱敏证据","保留历史证据","保持原位","目录与包级规则推断","0",""
"artifacts/generative-interview-board7/2026-07-30/board7-v60-round1-smoke-report.md","生成式访谈评测运行报告","dbc022a84b0ad723370061ecdb394223932be5c9b4639c219e19eab41daaf0b8","已跟踪","历史证据","历史证据","artifacts/generative-interview-board7/README.md","docs/generative-interview-refactor-map.md","公开证据","保留历史证据","保持原位","目录与包级规则推断","0",""
"artifacts/generative-interview-board7/2026-07-30/board7-v60-round1-smoke-review.md","板块 7 MVP 12 条三类分流冒烟人工评审包","977b9fe67cf84b6df1d44a34060fa27182a89a8eb5e1878c5bcf59b3d4033d14","已跟踪","历史证据","历史证据","artifacts/generative-interview-board7/README.md","docs/generative-interview-refactor-map.md","公开脱敏证据","保留历史证据","保持原位","目录与包级规则推断","0",""
"artifacts/generative-interview-board7/2026-07-30/board7-v60-round1-smoke-user-review.md","板块 7｜v60 第一轮冒烟 Codex 初评与用户裁决包","eba226cb3be784c196fa883628aa48cb24380b81f937ceafd1d130811b4145f0","已跟踪","历史证据","历史证据","artifacts/generative-interview-board7/README.md","docs/generative-interview-refactor-map.md","公开脱敏证据","保留历史证据","保持原位","目录与包级规则推断","0",""
"artifacts/generative-interview-board7/2026-07-30/board7-v61-final-smoke-report.md","生成式访谈评测运行报告","f39f5288c13487cae4a0935ba4c7abfc9f3b6bd69becf852581a0d4f46612964","已跟踪","历史证据","历史证据","artifacts/generative-interview-board7/README.md","docs/generative-interview-refactor-map.md","公开证据","保留历史证据","保持原位","目录与包级规则推断","0",""
"artifacts/generative-interview-board7/2026-07-30/board7-v61-final-smoke-review.md","板块 7 MVP 12 条三类分流冒烟人工评审包","422d56319f471efe59bc878452ae3297056df68a19b2ec6ad76d5a4b4465ca8b","已跟踪","历史证据","历史证据","artifacts/generative-interview-board7/README.md","docs/generative-interview-refactor-map.md","公开脱敏证据","保留历史证据","保持原位","目录与包级规则推断","0",""
"artifacts/generative-interview-board7/2026-07-30/board7-v62-final-smoke-report.md","生成式访谈评测运行报告","f4ce0296a264d5dcd17c17943c5e121863cdefe8dc2151da0c9f52311b9409d2","已跟踪","历史证据","历史证据","artifacts/generative-interview-board7/README.md","docs/generative-interview-refactor-map.md","公开证据","保留历史证据","保持原位","目录与包级规则推断","0",""
"artifacts/generative-interview-board7/2026-07-30/board7-v62-final-smoke-review.md","板块 7 MVP 12 条三类分流冒烟人工评审包","fe4d7c00357ed8e33412f18a632aea0c75cdddccbc8ea389643a11e6210b8f55","已跟踪","历史证据","历史证据","artifacts/generative-interview-board7/README.md","docs/generative-interview-refactor-map.md","公开脱敏证据","保留历史证据","保持原位","目录与包级规则推断","0",""
"artifacts/generative-interview-board7/2026-07-30/board7-v62-final-smoke-user-review.md","板块 7｜v62 Strict12 v2 用户裁决包","90320c2553e61c4bda1b31980be5a2d9d3316b70153642be17d5bd01aab42b88","已跟踪","历史证据","历史证据","artifacts/generative-interview-board7/README.md","docs/generative-interview-refactor-map.md","公开脱敏证据","保留历史证据","保持原位","目录与包级规则推断","0",""
"artifacts/generative-interview-board7/2026-07-30/board7-v63-baseline-first8-codex-review.md","板块 7｜v63 真实基线前 8 条 Codex 产品初评","bcf272693308c5e9db84703489c487972e21515196bea31da328f47413e9436a","已跟踪","历史证据","历史证据","artifacts/generative-interview-board7/README.md","docs/generative-interview-refactor-map.md","公开脱敏证据","保留历史证据","保持原位","目录与包级规则推断","0",""
"artifacts/generative-interview-board7/2026-07-30/board7-v63-baseline-smoke-ai-synthesis-codex-review.md","板块 7｜v63 基线后四条 AI 综合案例 Codex 初评","d1dd0cf082ef12e745ea3c12d3aa283ffba2f15811708c821985ae86c69e0a8e","已跟踪","历史证据","历史证据","artifacts/generative-interview-board7/README.md","docs/generative-interview-refactor-map.md","公开脱敏证据","保留历史证据","保持原位","目录与包级规则推断","0",""
"artifacts/generative-interview-board7/2026-07-30/board7-v63-baseline-smoke-codex-report.md","生成式访谈评测运行报告","aa0753fa779c619efd4cbcd253f0f6c9c390a9775312aa5f4bd12d0e96a31181","已跟踪","历史证据","历史证据","artifacts/generative-interview-board7/README.md","docs/generative-interview-refactor-map.md","公开证据","保留历史证据","保持原位","目录与包级规则推断","0",""
"artifacts/generative-interview-board7/2026-07-30/board7-v63-baseline-smoke-final-codex-report.md","板块 7｜v63 基线冒烟最终 Codex 报告","db87d347ef07a81dc3c0896e9b2c15fcd4304123ff73e17284150a60889fea56","已跟踪","历史证据","历史证据","artifacts/generative-interview-board7/README.md","docs/generative-interview-refactor-map.md","公开证据","保留历史证据","保持原位","目录与包级规则推断","0",""
"artifacts/generative-interview-board7/2026-07-30/board7-v63-baseline-smoke-final-user-review.md","板块 7 MVP v63 最终用户评审包","f06d31baeb36998129c31a0e5f73464dc1c8f1740dba958c437ee1464ea4e466","已跟踪","历史证据","历史证据","artifacts/generative-interview-board7/README.md","docs/generative-interview-refactor-map.md","公开脱敏证据","保留历史证据","保持原位","目录与包级规则推断","0",""
"artifacts/generative-interview-board7/2026-07-30/board7-v63-baseline-smoke-independent-review.md","板块 7｜v63 基线冒烟独立评审","c698b66e571bd7e86f0eee2f6dc9507b143fa75dbc566823fc0ee156f89b4597","已跟踪","历史证据","历史证据","artifacts/generative-interview-board7/README.md","docs/generative-interview-refactor-map.md","公开脱敏证据","保留历史证据","保持原位","目录与包级规则推断","0",""
"artifacts/generative-interview-board7/2026-07-30/board7-v63-baseline-smoke-report.md","生成式访谈评测运行报告","a62aa2813abe1aaa2504a4d73810cbbc20e5d90714741fa1ecc54a1aaee38e30","已跟踪","历史证据","历史证据","artifacts/generative-interview-board7/README.md","docs/generative-interview-refactor-map.md","公开证据","保留历史证据","保持原位","目录与包级规则推断","0",""
"artifacts/generative-interview-board7/2026-07-30/board7-v63-baseline-smoke-review.md","板块 7 MVP 12 条三类分流冒烟人工评审包","a79d6b1c695cb425994758632740aaa20265682dcfcfb086bc3401afa4f4878d","已跟踪","历史证据","历史证据","artifacts/generative-interview-board7/README.md","docs/generative-interview-refactor-map.md","公开脱敏证据","保留历史证据","保持原位","目录与包级规则推断","0",""
"artifacts/generative-interview-board7/2026-07-30/board7-v63-baseline-smoke-user-review.md","板块 7 MVP 12 条三类分流冒烟人工评审包","a4114aa449a2e7788b4fa09f9bf620f1f70af76e909a065bf7de6ef6b4be713f","已跟踪","历史证据","历史证据","artifacts/generative-interview-board7/README.md","docs/generative-interview-refactor-map.md","公开脱敏证据","保留历史证据","保持原位","目录与包级规则推断","0",""
"artifacts/generative-interview-board7/2026-07-30/board7-v64-strict12-v5-baseline-r1-audited-human-review.md","板块 7 MVP 12 条三类分流冒烟人工评审包","da3658fa61c74b89779c589d100bb708845492af694cfa8aa5a181294d9821fa","已跟踪","历史证据","历史证据","artifacts/generative-interview-board7/README.md","docs/generative-interview-refactor-map.md","公开脱敏证据","保留历史证据","保持原位","目录与包级规则推断","0",""
"artifacts/generative-interview-board7/2026-07-30/board7-v64-strict12-v5-baseline-r1-audited-report.md","生成式访谈评测运行报告","5d879f8f1a3d327a76543339f0c8b4b3e916842bcb6e87a6296aff55f55b4b1b","已跟踪","历史证据","历史证据","artifacts/generative-interview-board7/README.md","docs/generative-interview-refactor-map.md","公开证据","保留历史证据","保持原位","目录与包级规则推断","0",""
"artifacts/generative-interview-board7/2026-07-30/board7-v64-strict12-v5-baseline-r1-human-review.md","板块 7 MVP 12 条三类分流冒烟人工评审包","345d0bb888852ef67d136209bb75c99ae43b4314c9f5f48110c853e962406a3a","已跟踪","历史证据","历史证据","artifacts/generative-interview-board7/README.md","docs/generative-interview-refactor-map.md","公开脱敏证据","保留历史证据","保持原位","目录与包级规则推断","0",""
"artifacts/generative-interview-board7/2026-07-30/board7-v64-strict12-v5-baseline-r1-report.md","生成式访谈评测运行报告","f14fd32c0c18c33e8de35922ae944914b31dee6d66dab03bf3c7f07d2ec082de","已跟踪","历史证据","历史证据","artifacts/generative-interview-board7/README.md","docs/generative-interview-refactor-map.md","公开证据","保留历史证据","保持原位","目录与包级规则推断","0",""
"artifacts/generative-interview-board7/2026-07-30/board7-v64-strict12-v5-baseline-r2-human-review.md","板块 7 MVP 12 条三类分流冒烟人工评审包","3daa3e355be82ca1159e73a0626bd1bc732853cff65c14a58aefe71c0e50e240","已跟踪","历史证据","历史证据","artifacts/generative-interview-board7/README.md","docs/generative-interview-refactor-map.md","公开脱敏证据","保留历史证据","保持原位","目录与包级规则推断","0",""
"artifacts/generative-interview-board7/2026-07-30/board7-v64-strict12-v5-baseline-r2-report.md","生成式访谈评测运行报告","81fc540c412147c2cd786934ea9f5811cfb4a11f539da83ce9ecbcea459adb81","已跟踪","历史证据","历史证据","artifacts/generative-interview-board7/README.md","docs/generative-interview-refactor-map.md","公开证据","保留历史证据","保持原位","目录与包级规则推断","0",""
"artifacts/generative-interview-board7/2026-07-30/board7-v64-strict12-v5-baseline-r2-reviewed-human-review.md","板块 7 MVP 12 条三类分流冒烟人工评审包","286f9e19e3b4135552c2eafc6669f05bd83d45413adb27a21d7ea32155955669","已跟踪","历史证据","历史证据","artifacts/generative-interview-board7/README.md","docs/generative-interview-refactor-map.md","公开脱敏证据","保留历史证据","保持原位","目录与包级规则推断","0",""
"artifacts/generative-interview-board7/2026-07-30/board7-v64-strict12-v5-baseline-r2-reviewed-report.md","生成式访谈评测运行报告","a8daa3732d29130ef33a9ec155e7977e1bb05f1e92d26a030d71275d5ae113a7","已跟踪","历史证据","历史证据","artifacts/generative-interview-board7/README.md","docs/generative-interview-refactor-map.md","公开脱敏证据","保留历史证据","保持原位","目录与包级规则推断","0",""
"artifacts/generative-interview-board7/2026-07-30/board7-v65-targeted-r1-human-review.md","板块 7 MVP 12 条三类分流冒烟人工评审包","e684f08ecd29a5812ae46ab2673ccf8ea315e45b36a777ebda823caaacc83e5b","已跟踪","历史证据","历史证据","artifacts/generative-interview-board7/README.md","docs/generative-interview-refactor-map.md","公开脱敏证据","保留历史证据","保持原位","目录与包级规则推断","0",""
"artifacts/generative-interview-board7/2026-07-30/board7-v65-targeted-r1-report.md","生成式访谈评测运行报告","49a7057ff5642171d053c387b8061cb3b049d161ddd6306c373c27cdc492548e","已跟踪","历史证据","历史证据","artifacts/generative-interview-board7/README.md","docs/generative-interview-refactor-map.md","公开证据","保留历史证据","保持原位","目录与包级规则推断","0",""
"artifacts/generative-interview-board7/2026-07-30/board7-v65-targeted-r1-reviewed-human-review.md","板块 7 MVP 12 条三类分流冒烟人工评审包","18c4e94e88c62d067d76786aa523a6be2d6a8b5bdefe9fd7054b6171f838da69","已跟踪","历史证据","历史证据","artifacts/generative-interview-board7/README.md","docs/generative-interview-refactor-map.md","公开脱敏证据","保留历史证据","保持原位","目录与包级规则推断","0",""
"artifacts/generative-interview-board7/2026-07-30/board7-v65-targeted-r1-reviewed-report.md","生成式访谈评测运行报告","61a7f62a0550c1400b297ecc37f407e85b0c3d71cd30ebf920bd7654dc044232","已跟踪","历史证据","历史证据","artifacts/generative-interview-board7/README.md","docs/generative-interview-refactor-map.md","公开脱敏证据","保留历史证据","保持原位","目录与包级规则推断","0",""
"artifacts/generative-interview-board7/2026-07-30/mvp-split-v58-smoke-baseline-audited-report.md","生成式访谈评测运行报告","af0e97ef3b6b3ad628f3a16d856d979c2ae713da03435363bd6d8683a251177e","已跟踪","历史证据","历史证据","artifacts/generative-interview-board7/README.md","docs/generative-interview-refactor-map.md","公开证据","保留历史证据","保持原位","目录与包级规则推断","0",""
"artifacts/generative-interview-board7/2026-07-30/mvp-split-v58-smoke-baseline-audited-review.md","板块 7 MVP 12 条三类分流冒烟人工评审包","3a1e7383dca7686cb3093387175c4e0c8b91fb714f06acf55884f5218ce66293","已跟踪","历史证据","历史证据","artifacts/generative-interview-board7/README.md","docs/generative-interview-refactor-map.md","公开脱敏证据","保留历史证据","保持原位","目录与包级规则推断","0",""
"artifacts/generative-interview-board7/2026-07-30/mvp-split-v58-smoke-baseline-report.md","生成式访谈评测运行报告","77d1d4bed1d4fc0871df7e83a915da52b3c95ae0ed3e0b3e3dd21d8d2319a427","已跟踪","历史证据","历史证据","artifacts/generative-interview-board7/README.md","docs/generative-interview-refactor-map.md","公开证据","保留历史证据","保持原位","目录与包级规则推断","0",""
"artifacts/generative-interview-board7/2026-07-30/mvp-split-v58-smoke-baseline-review.md","板块 7 MVP 12 条三类分流冒烟人工评审包","26e7ee55e7ef9b6ad08ee6380fe24af5fbf3cf2a05fc8deb83faabb9d2d8571b","已跟踪","历史证据","历史证据","artifacts/generative-interview-board7/README.md","docs/generative-interview-refactor-map.md","公开脱敏证据","保留历史证据","保持原位","目录与包级规则推断","0",""
"artifacts/generative-interview-board7/2026-07-30/mvp-split-v58-smoke-r1-audited-report.md","生成式访谈评测运行报告","d2ebd400cff0cb40f961da6519a8111a7ea14ccee346251f4012b5573b935e82","已跟踪","历史证据","历史证据","artifacts/generative-interview-board7/README.md","docs/generative-interview-refactor-map.md","公开证据","保留历史证据","保持原位","目录与包级规则推断","0",""
"artifacts/generative-interview-board7/2026-07-30/mvp-split-v58-smoke-r1-audited-review.md","板块 7 MVP 12 条三类分流冒烟人工评审包","eeeadbe146f3c3f0cfc9ebcf4ea47a11db23b13a4e67102db81fff7961b2ee5f","已跟踪","历史证据","历史证据","artifacts/generative-interview-board7/README.md","docs/generative-interview-refactor-map.md","公开脱敏证据","保留历史证据","保持原位","目录与包级规则推断","0",""
"artifacts/generative-interview-board7/2026-07-30/mvp-split-v58-smoke-r1-report.md","生成式访谈评测运行报告","7b331d4665c21cb59ae0fc9fdbeb1c0d900f5413798a543541a8a37ba90d7975","已跟踪","历史证据","历史证据","artifacts/generative-interview-board7/README.md","docs/generative-interview-refactor-map.md","公开证据","保留历史证据","保持原位","目录与包级规则推断","0",""
"artifacts/generative-interview-board7/2026-07-30/mvp-split-v58-smoke-r1-review.md","板块 7 MVP 12 条三类分流冒烟人工评审包","15344c58b620582d753ed3444be0fef191f55ecaad5b12f13cbc6825ad2dc89f","已跟踪","历史证据","历史证据","artifacts/generative-interview-board7/README.md","docs/generative-interview-refactor-map.md","公开脱敏证据","保留历史证据","保持原位","目录与包级规则推断","0",""
"artifacts/generative-interview-board7/2026-07-30/mvp-split-v58-smoke-r2-report.md","生成式访谈评测运行报告","ba151604fa1c7b851d491b9dd0464752fd27d6134eaac148ccd6edbfe76fa12e","已跟踪","历史证据","历史证据","artifacts/generative-interview-board7/README.md","docs/generative-interview-refactor-map.md","公开证据","保留历史证据","保持原位","目录与包级规则推断","0",""
"artifacts/generative-interview-board7/2026-07-30/mvp-split-v58-smoke-r2-review.md","板块 7 MVP 12 条三类分流冒烟人工评审包","b34cf6e99910a06f6ff7e15e255bd82dab2a615b978f9c281aadfd05e1eb427b","已跟踪","历史证据","历史证据","artifacts/generative-interview-board7/README.md","docs/generative-interview-refactor-map.md","公开脱敏证据","保留历史证据","保持原位","目录与包级规则推断","0",""
"artifacts/generative-interview-board7/2026-07-30/mvp-split-v58-smoke-r2-tech-retry-audited-report.md","生成式访谈评测运行报告","a778458f891d82f1ac8b9ecd1365fa62c8c50a376856c3360bb67d418ef6b9f7","已跟踪","历史证据","历史证据","artifacts/generative-interview-board7/README.md","docs/generative-interview-refactor-map.md","公开证据","保留历史证据","保持原位","目录与包级规则推断","0",""
"artifacts/generative-interview-board7/2026-07-30/mvp-split-v58-smoke-r2-tech-retry-audited-review.md","板块 7 MVP 12 条三类分流冒烟人工评审包","e825aa2ec9f7d0499cc5a247e9fb353637cb3147e5804556098ffa225bd6a75e","已跟踪","历史证据","历史证据","artifacts/generative-interview-board7/README.md","docs/generative-interview-refactor-map.md","公开脱敏证据","保留历史证据","保持原位","目录与包级规则推断","0",""
"artifacts/generative-interview-board7/2026-07-30/mvp-split-v58-smoke-r2-tech-retry-report.md","生成式访谈评测运行报告","172de69aa752f0ea25b560494b94bf335797a4172adfc7e534b3eaab87fcf62e","已跟踪","历史证据","历史证据","artifacts/generative-interview-board7/README.md","docs/generative-interview-refactor-map.md","公开证据","保留历史证据","保持原位","目录与包级规则推断","0",""
"artifacts/generative-interview-board7/2026-07-30/mvp-split-v58-smoke-r2-tech-retry-review.md","板块 7 MVP 12 条三类分流冒烟人工评审包","f40e5b8b239764f8f19a83b5e29916845163c24dd343bf4f785923489833f9a0","已跟踪","历史证据","历史证据","artifacts/generative-interview-board7/README.md","docs/generative-interview-refactor-map.md","公开脱敏证据","保留历史证据","保持原位","目录与包级规则推断","0",""
"artifacts/generative-interview-board7/2026-08-01/board7-provider-v71-semantic-frame-first-pass-approval.md","板块 7｜Provider v71 语义骨架首轮六例运行授权卡","894b22e9243a34a51ae47ddca0071de02dcec52ad2c1dca5ea7af5467e6d47b6","已跟踪","历史证据","历史证据","artifacts/generative-interview-board7/README.md","docs/generative-interview-refactor-map.md","公开证据","保留历史证据","保持原位","目录与包级规则推断","1",""
"artifacts/generative-interview-board7/2026-08-01/meaning-card-candidate-report.md","板块 7｜理解小卡两段式候选运行报告","3a80ee8674e3f3aacf8e998b9a1808cd8eb4534a8695b173dc5cd51757c00ac4","已跟踪","历史证据","历史证据","artifacts/generative-interview-board7/README.md","docs/generative-interview-refactor-map.md","公开证据","保留历史证据","保持原位","目录与包级规则推断","0",""
"artifacts/generative-interview-board7/2026-08-01/meaning-card-candidate-review.md","板块 7｜理解小卡两段式候选评审包","3d8056da33d1f883976e626c87bf57b35ecb390e976d7a3bc741b13cf27c8d47","已跟踪","历史证据","历史证据","artifacts/generative-interview-board7/README.md","docs/generative-interview-refactor-map.md","公开脱敏证据","保留历史证据","保持原位","目录与包级规则推断","0",""
"artifacts/generative-interview-board7/2026-08-01/meaning-card-candidate-reviewed-report.md","板块 7｜理解小卡两段式候选运行报告","1202cee8c1a0413b8696d707b896cf8bde99ba6df668b38ae3e859eda2f919cf","已跟踪","历史证据","历史证据","artifacts/generative-interview-board7/README.md","docs/generative-interview-refactor-map.md","公开脱敏证据","保留历史证据","保持原位","目录与包级规则推断","0",""
"artifacts/generative-interview-board7/2026-08-01/meaning-card-candidate-reviewed-review.md","板块 7｜理解小卡两段式候选评审包","60045395d3ad56cfa4c6cb0630dd9cc33bc9d1b20a3440fef1d922afcb580968","已跟踪","历史证据","历史证据","artifacts/generative-interview-board7/README.md","docs/generative-interview-refactor-map.md","公开脱敏证据","保留历史证据","保持原位","目录与包级规则推断","0",""
"artifacts/generative-interview-board7/2026-08-01/minimal-two-stage-v3-batch-1-human-review.md","板块 7｜极简两段式 v3 候选评审包","15e3f0ecd21ca94f0521607d7fd88ec8b26e655c9d4ae9fb169aa5cf55492cd9","已跟踪","历史证据","历史证据","artifacts/generative-interview-board7/README.md","docs/generative-interview-refactor-map.md","公开脱敏证据","保留历史证据","保持原位","目录与包级规则推断","0",""
"artifacts/generative-interview-board7/2026-08-01/minimal-two-stage-v3-batch-1-report.md","板块 7｜极简两段式 v3 候选运行报告","ddd32e058cdf694f426f1639ebf802687700453e1013870ca9d1d311d1b7bc70","已跟踪","历史证据","历史证据","artifacts/generative-interview-board7/README.md","docs/generative-interview-refactor-map.md","公开证据","保留历史证据","保持原位","目录与包级规则推断","0",""
"artifacts/generative-interview-board7/2026-08-01/minimal-two-stage-v3-batch-1-reviewed-human-review.md","板块 7｜极简两段式 v3 候选评审包","fdb0a0714066b75c38f1d351386d1b7a93348737f222884ffc85d67c939fd526","已跟踪","历史证据","历史证据","artifacts/generative-interview-board7/README.md","docs/generative-interview-refactor-map.md","公开脱敏证据","保留历史证据","保持原位","目录与包级规则推断","0",""
"artifacts/generative-interview-board7/2026-08-01/minimal-two-stage-v3-batch-1-reviewed-report.md","板块 7｜极简两段式 v3 候选运行报告","99691d5880f8ce84d92041f550917f42961b81540af4e97148d1a3354ee66056","已跟踪","历史证据","历史证据","artifacts/generative-interview-board7/README.md","docs/generative-interview-refactor-map.md","公开脱敏证据","保留历史证据","保持原位","目录与包级规则推断","0",""
"artifacts/generative-interview-board7/2026-08-01/minimal-two-stage-v3-case-confirmation.md","板块 7｜极简两段式 v3 六例确认包","20cfc5003b3ca248b4855afd3c5ff5c07c5ecc9824aafbd9494adb2a01bb2349","已跟踪","历史证据","历史证据","artifacts/generative-interview-board7/README.md","docs/generative-interview-refactor-map.md","公开证据","保留历史证据","保持原位","目录与包级规则推断","0",""
"artifacts/generative-interview-board7/2026-08-01/provider-v31-repair-probe-case-confirmation.md","板块 7｜Provider v3.1 两条规则 repair probe 确认包","5c8404eb9a2c20afcb36dd67be8c212114674be646d3b0bfe0a1a1a254ecd4bf","已跟踪","历史证据","历史证据","artifacts/generative-interview-board7/README.md","docs/generative-interview-refactor-map.md","公开证据","保留历史证据","保持原位","目录与包级规则推断","0",""
"artifacts/generative-interview-board7/2026-08-01/provider-v31-repair-probe-recovery-1-human-review.md","板块 7｜Provider v3.1 repair probe Codex 评审包","d2a8a1f9309db945584afe8935a6973a94827c56f795e0c0aaa0755d13cc58fe","已跟踪","历史证据","历史证据","artifacts/generative-interview-board7/README.md","docs/generative-interview-refactor-map.md","公开脱敏证据","保留历史证据","保持原位","目录与包级规则推断","0",""
"artifacts/generative-interview-board7/2026-08-01/provider-v31-repair-probe-recovery-1-report.md","板块 7｜Provider v3.1 repair probe 一次性技术恢复报告","9e84afc4d79bd8c111155e70f540af6479a3c2d2ee6e22e598f60a2ff05f54cb","已跟踪","历史证据","历史证据","artifacts/generative-interview-board7/README.md","docs/generative-interview-refactor-map.md","公开证据","保留历史证据","保持原位","目录与包级规则推断","0",""
"artifacts/generative-interview-board7/2026-08-01/provider-v31-repair-probe-recovery-1-reviewed-report.md","板块 7｜Provider v3.1 repair probe 一次性技术恢复报告","b96ca9e559fd41727119691cbdfbef545c809afbf2f005a4a66109a934b00f95","已跟踪","历史证据","历史证据","artifacts/generative-interview-board7/README.md","docs/generative-interview-refactor-map.md","公开脱敏证据","保留历史证据","保持原位","目录与包级规则推断","0",""
"artifacts/generative-interview-board7/2026-08-01/provider-v31-repair-probe-run-1-human-review.md","板块 7｜Provider v3.1 repair probe Codex 评审包","a3d7d850182218c1c102e75d2537fd188a000da6e31dad8b896fd1dde63e0b6a","已跟踪","历史证据","历史证据","artifacts/generative-interview-board7/README.md","docs/generative-interview-refactor-map.md","公开脱敏证据","保留历史证据","保持原位","目录与包级规则推断","0",""
"artifacts/generative-interview-board7/2026-08-01/provider-v31-repair-probe-run-1-report.md","板块 7｜Provider v3.1 repair probe 运行报告","7627e0da5fdf294d7337d7434c39aa9ab72aa4b2b726172a879385ee39c7df11","已跟踪","历史证据","历史证据","artifacts/generative-interview-board7/README.md","docs/generative-interview-refactor-map.md","公开证据","保留历史证据","保持原位","目录与包级规则推断","0",""
"artifacts/generative-interview-board7/2026-08-01/provider-v70-root-visible-probe-case-confirmation.md","板块 7｜Provider v70/v70 root-visible probe 确认包","52660498c07501acad59c1a70082250ac6085e9b108f9e5584367676013ab696","已跟踪","历史证据","历史证据","artifacts/generative-interview-board7/README.md","docs/generative-interview-refactor-map.md","公开证据","保留历史证据","保持原位","目录与包级规则推断","0",""
"artifacts/generative-interview-board7/2026-08-01/provider-v70-root-visible-probe-run-1-human-review.md","板块 7｜Provider v70/v70 root-visible probe Codex 评审包","e51dfebb3adfc6e7689d48ec24490b0d92a20c363cab54724a0c66e4b3ab6a07","已跟踪","历史证据","历史证据","artifacts/generative-interview-board7/README.md","docs/generative-interview-refactor-map.md","公开脱敏证据","保留历史证据","保持原位","目录与包级规则推断","0",""
"artifacts/generative-interview-board7/2026-08-01/provider-v70-root-visible-probe-run-1-report.md","板块 7｜Provider v70/v70 root-visible probe 运行报告","58abb9a1a403cc54ac03def06011eda48539d3b0c4e485dc4b50bad66c1bc745","已跟踪","历史证据","历史证据","artifacts/generative-interview-board7/README.md","docs/generative-interview-refactor-map.md","公开证据","保留历史证据","保持原位","目录与包级规则推断","0",""
"artifacts/generative-interview-board7/2026-08-01/semantic-frame-v4-offline-case-confirmation.md","板块 7｜semanticFrame v4 离线案例确认包","5d07c09582fd7d654756293ebff2bb5e4b8fbb38a8a4284b4666c7867c9a383e","已跟踪","历史证据","历史证据","artifacts/generative-interview-board7/README.md","docs/generative-interview-refactor-map.md","公开证据","保留历史证据","保持原位","目录与包级规则推断","0",""
"artifacts/generative-interview-board7/2026-08-02/board7-event-journal-mvp-probe-report.md","板块 7｜事件日志真实模型单探针","d568cd1d184e4cf15c691ed7b62f4bec3cf753f5d72f9f2e3c74cec047e782b9","已跟踪","历史证据","历史证据","artifacts/generative-interview-board7/README.md","docs/generative-interview-refactor-map.md","公开证据","保留历史证据","保持原位","目录与包级规则推断","0",""
"artifacts/generative-interview-board7/2026-08-02/board7-mvp-baseline-recovery-v1-report.md","板块 7｜MVP baseline 降级恢复探针","9794d77dc2a8c12eb329e8449021af8b69e9f9290cc7fc12cc30834b18705646","已跟踪","历史证据","历史证据","artifacts/generative-interview-board7/README.md","docs/generative-interview-refactor-map.md","公开证据","保留历史证据","保持原位","目录与包级规则推断","0",""
"artifacts/generative-interview-board7/2026-08-02/board7-mvp-four-angle-smoke-v1-codex-review.md","板块 7｜四角度 MVP 首轮 Codex 初评","3d90ea2bdf4104aa89af5b590b418d4a91b63656b5244267c01f45e601d8ed9d","已跟踪","历史证据","历史证据","artifacts/generative-interview-board7/README.md","docs/generative-interview-refactor-map.md","公开脱敏证据","保留历史证据","保持原位","目录与包级规则推断","0",""
"artifacts/generative-interview-board7/2026-08-02/board7-mvp-four-angle-smoke-v1-report.md","板块 7｜四角度 MVP 最小真实模型验证","05fb7df949aa80db4311fc427a53f5e57c09cb58ca18755e6633faf746018220","已跟踪","历史证据","历史证据","artifacts/generative-interview-board7/README.md","docs/generative-interview-refactor-map.md","公开证据","保留历史证据","保持原位","目录与包级规则推断","0",""
"artifacts/generative-interview-board7/2026-08-02/board7-mvp-four-angle-smoke-v1-user-visible-replay.md","板块 7｜四角度 MVP 首轮用户可见回放","1f8eb8a8a0d0a425175164f0e76399adee2a1dc614d8fac3c3102acd34fc7e9f","已跟踪","历史证据","历史证据","artifacts/generative-interview-board7/README.md","docs/generative-interview-refactor-map.md","公开证据","保留历史证据","保持原位","目录与包级规则推断","0",""
"artifacts/generative-interview-board7/2026-08-02/board7-provider-v71-semantic-frame-first-pass-report.md","板块 7｜Provider v71 语义骨架首轮运行报告","7964638d8d5deb91d5355c6edfb9925ce61537f86cfe0591059b5e4dae24c533","已跟踪","历史证据","历史证据","artifacts/generative-interview-board7/README.md","docs/generative-interview-refactor-map.md","公开证据","保留历史证据","保持原位","目录与包级规则推断","3",""
"artifacts/generative-interview-board7/2026-08-02/board7-provider-v72-semantic-frame-first-pass-infrastructure-void.md","板块 7｜v72 首个运行账本基础设施作废审计","209ba34d9a332845906dcaebf574b59f12b685729a78efa300248ef64ac7f2c0","已跟踪","历史证据","历史证据","artifacts/generative-interview-board7/README.md","docs/generative-interview-refactor-map.md","公开证据","保留历史证据","保持原位","目录与包级规则推断","0",""
"artifacts/generative-interview-board7/2026-08-02/board7-provider-v72-semantic-frame-first-pass-v2-codex-review.md","板块 7｜Provider v72 六例首轮 Codex 双层验收","c64065d40fe2f6b044ef406a47e9df8c3b36fc4d27a9d99473b993b9fe5474af","已跟踪","历史证据","历史证据","artifacts/generative-interview-board7/README.md","docs/generative-interview-refactor-map.md","公开脱敏证据","保留历史证据","保持原位","目录与包级规则推断","0",""
"artifacts/generative-interview-board7/2026-08-02/board7-provider-v72-semantic-frame-first-pass-v2-report.md","板块 7｜Provider v72 六例首轮真实运行报告","19d798d6d3a943c547a6768cd2b23a6291b951d0fa1a831309e28e551a67c5c8","已跟踪","历史证据","历史证据","artifacts/generative-interview-board7/README.md","docs/generative-interview-refactor-map.md","公开证据","保留历史证据","保持原位","目录与包级规则推断","0",""
"artifacts/generative-interview-board7/2026-08-02/semantic-frame-v5-offline-case-confirmation.md","板块 7｜semanticFrame v5 成果归属与统一回应确认包","8de4c8598b4786abb2332faa96c84676bf17e055a21cd314932ce2a7b018c577","已跟踪","历史证据","历史证据","artifacts/generative-interview-board7/README.md","docs/generative-interview-refactor-map.md","公开证据","保留历史证据","保持原位","目录与包级规则推断","0",""
"artifacts/generative-interview-board7/2026-08-06-board7a-chat-e2e-ab-v1/board7a-chat-e2e-ab-v1-confirmation.md","板块 7A｜单任务端到端聊天 A/B 运行确认包","0ef8a8c6250aacc01957f2b9a71dcdf4c2f9a732f8dc86b24d5a6fe54c97a9bb","已跟踪","历史证据","历史证据","artifacts/generative-interview-board7/README.md","docs/generative-interview-refactor-map.md","公开证据","保留历史证据","保持原位","目录与包级规则推断","1",""
"artifacts/generative-interview-board7/2026-08-06-board7a-chat-e2e-ab-v1/board7a-chat-e2e-ab-v1-user-fact-card.md","板块 7A｜单任务端到端聊天用户事实卡","cdfa9bea13a132cebc4382363af06b3ac9bcae6cf884a6ae3f8d34a138c814df","已跟踪","历史证据","历史证据","artifacts/generative-interview-board7/README.md","docs/generative-interview-refactor-map.md","公开证据","保留历史证据","保持原位","目录与包级规则推断","0",""
"artifacts/generative-interview-board7/2026-08-06-board7a-chat-e2e-single-v0/README.md","GI-083｜单轨迹透明诊断候选包","a16f6bfb6d5cfd27bd7bdff0ba6f93564af792fc8503c0a17078a9397c666705","已跟踪","证据索引","历史证据","artifacts/generative-interview-board7/README.md","docs/generative-interview-refactor-map.md","公开证据","保留历史证据","保持原位","目录与包级规则推断","9",""
"artifacts/generative-interview-board7/2026-08-06-board7a-chat-e2e-single-v0/board7a-chat-e2e-single-v0-base-prompt.md","GI-083｜基础 Prompt v0","aad42a7899abdda9172eb453a1d8aa22a734f96d77fb35adb79c361efa84eb5e","已跟踪","历史证据","历史证据","artifacts/generative-interview-board7/README.md","docs/generative-interview-refactor-map.md","公开证据","保留历史证据","保持原位","目录与包级规则推断","0",""
"artifacts/generative-interview-board7/2026-08-06-board7a-chat-e2e-single-v0/board7a-chat-e2e-single-v0-confirmation.md","GI-083｜单轨迹透明诊断运行确认","67fd8f8af9b624ae2d95d9c96d09844f254e6b785ddec92458f3a61cf30cf4f6","已跟踪","历史证据","历史证据","artifacts/generative-interview-board7/README.md","docs/generative-interview-refactor-map.md","公开证据","保留历史证据","保持原位","目录与包级规则推断","0",""
"artifacts/generative-interview-board7/2026-08-06-board7a-chat-e2e-single-v0/board7a-chat-e2e-single-v0-interview-skill.md","GI-083｜Interview Skill v0","3d5db7e14412fbd3168b460b04c9b3bd7293b26c9b5f8455d311112f9654509e","已跟踪","历史证据","历史证据","artifacts/generative-interview-board7/README.md","docs/generative-interview-refactor-map.md","公开证据","保留历史证据","保持原位","目录与包级规则推断","0",""
"artifacts/generative-interview-board7/2026-08-06-board7a-chat-e2e-single-v0/board7a-chat-e2e-single-v0-redacted-review-template.md","GI-083｜单轨迹脱敏裁决模板","adfe7dd96b13b9ba07f6c927ad871f90482cc2450ef7c34a55366f855e6ce739","已跟踪","历史证据","历史证据","artifacts/generative-interview-board7/README.md","docs/generative-interview-refactor-map.md","公开脱敏证据","保留历史证据","保持原位","目录与包级规则推断","0",""
"artifacts/generative-interview-board7/2026-08-06-board7a-chat-e2e-single-v0/board7a-chat-e2e-single-v0-structure.md","GI-083｜一次调用结构与程序校验","63ff5c4282af85893963a35f6196dc6ffa35c3f12e8b6149a4aaa6104762d585","已跟踪","历史证据","历史证据","artifacts/generative-interview-board7/README.md","docs/generative-interview-refactor-map.md","公开证据","保留历史证据","保持原位","目录与包级规则推断","0",""
"artifacts/generative-interview-board7/2026-08-06-board7a-real-output-ab-v1/README.md","GI-081｜板块 7A 六题真实输出资产入口","2e98af99611f3d08143e39fee2b5cf3ded3db1439f9258b3c46b1f77d3acb20c","已跟踪","证据索引","历史证据","artifacts/generative-interview-board7/README.md","docs/generative-interview-refactor-map.md","公开证据","保留历史证据","保持原位","目录与包级规则推断","8",""
"artifacts/generative-interview-board7/2026-08-06-board7a-real-output-ab-v1/board7a-six-case-ab-v1-blind-review-run.md","板块 7A｜六题真实输出 A/B 盲评","03143f499c57766eaa7830677c1ed2de25d9cb05ba4d3998a340b3c8da58276f","已跟踪","历史证据","历史证据","artifacts/generative-interview-board7/README.md","docs/generative-interview-refactor-map.md","公开脱敏证据","保留历史证据","保持原位","目录与包级规则推断","0",""
"artifacts/generative-interview-board7/2026-08-06-board7a-real-output-ab-v1/board7a-six-case-ab-v1-blind-review.md","板块 7A｜六题真实输出 A/B 盲评模板","d17c86e8b68326721840cd302801026e26a77539ecdc64f57e187cb609ab90fe","已跟踪","历史证据","历史证据","artifacts/generative-interview-board7/README.md","docs/generative-interview-refactor-map.md","公开脱敏证据","保留历史证据","保持原位","目录与包级规则推断","0",""
"artifacts/generative-interview-board7/2026-08-06-board7a-real-output-ab-v1/board7a-six-case-ab-v1-codex-review-sealed.md","板块 7A｜六题真实输出 Codex 独立盲评（封存）","ea2142f677cec8a2ac453705e56b849b123146201b701e0523e9b774ca7318ae","已跟踪","历史证据","历史证据","artifacts/generative-interview-board7/README.md","docs/generative-interview-refactor-map.md","公开脱敏证据","保留历史证据","保持原位","目录与包级规则推断","0",""
"artifacts/generative-interview-board7/2026-08-06-board7a-real-output-ab-v1/board7a-six-case-ab-v1-confirmation.md","板块 7A｜六题真实输出 A/B 候选包确认","55d54f4ef8bd414db8a873facaa9ba15efaf477e88d20f31f69fb83f978eb338","已跟踪","历史证据","历史证据","artifacts/generative-interview-board7/README.md","docs/generative-interview-refactor-map.md","公开证据","保留历史证据","保持原位","目录与包级规则推断","6",""
"artifacts/generative-interview-board7/2026-08-06-board7a-real-output-ab-v1/board7a-six-case-ab-v1-product-review.md","板块 7A｜六题真实输出产品负责人盲评封存","1aaa3b48a2a39a6fb18523aebf23593bac82d13697da6bf26315ab19b24a3232","已跟踪","历史证据","历史证据","artifacts/generative-interview-board7/README.md","docs/generative-interview-refactor-map.md","公开脱敏证据","保留历史证据","保持原位","目录与包级规则推断","2",""
"artifacts/generative-interview-board7/2026-08-06-board7a-real-output-ab-v1/board7a-six-case-ab-v1-prompts.md","板块 7A｜六题 A/B 完整 Prompt v1","c4ca6143fc2db84aa84095ba058e3d4229887cf24791a9b97d6928d8e10cbbda","已跟踪","历史证据","历史证据","artifacts/generative-interview-board7/README.md","docs/generative-interview-refactor-map.md","公开证据","保留历史证据","保持原位","目录与包级规则推断","0",""
"artifacts/generative-interview-board7/2026-08-06-board7a-real-output-ab-v1/board7a-six-case-ab-v1-reconciliation.md","板块 7A｜六题真实输出揭晓与对照结论","6204c1b7435b17ed83ee5525a3f3a8c340b30af245f2e33830ac587e0c3eb520","已跟踪","历史证据","历史证据","artifacts/generative-interview-board7/README.md","docs/generative-interview-refactor-map.md","公开证据","保留历史证据","保持原位","目录与包级规则推断","1",""
"artifacts/generative-interview-board7/2026-08-06-board7a-real-output-ab-v1/board7a-six-case-ab-v1-source-readback.md","板块 7A｜三条历史输入只读核验","45c4a9e403dc4cf81c9d7b69eefabb8390da7aaf2f12047ebf9af100a308f5d2","已跟踪","历史证据","历史证据","artifacts/generative-interview-board7/README.md","docs/generative-interview-refactor-map.md","公开证据","保留历史证据","保持原位","目录与包级规则推断","0",""
"artifacts/generative-interview-board7/2026-08-07-board7a-chat-e2e-single-v1/README.md","GI-083 v1｜真实用户直连单轨迹候选包","b1a54e0f8e4f4494d1aea307fc0f97fe01495904cbc6033aef184d86e20d8017","已跟踪","证据索引","历史证据","artifacts/generative-interview-board7/README.md","docs/generative-interview-refactor-map.md","公开证据","保留历史证据","保持原位","目录与包级规则推断","7",""
"artifacts/generative-interview-board7/2026-08-07-board7a-chat-e2e-single-v1/board7a-chat-e2e-single-v1-base-prompt.md","GI-083 v1｜基础 Prompt","dfa7688bd36b9e60984b174e8ea0f45f91a4dcb91b95ff30620b7c91475885c4","已跟踪","历史证据","历史证据","artifacts/generative-interview-board7/README.md","docs/generative-interview-refactor-map.md","公开证据","保留历史证据","保持原位","目录与包级规则推断","0",""
"artifacts/generative-interview-board7/2026-08-07-board7a-chat-e2e-single-v1/board7a-chat-e2e-single-v1-interview-skill.md","GI-083 v1｜Interview Skill","eefb9d0afb1b3ad4e07b932e4b784d199777f0b2cf88b18888fa14fdcc68bd76","已跟踪","历史证据","历史证据","artifacts/generative-interview-board7/README.md","docs/generative-interview-refactor-map.md","公开证据","保留历史证据","保持原位","目录与包级规则推断","0",""
"artifacts/generative-interview-board7/2026-08-07-board7a-chat-e2e-single-v1/board7a-chat-e2e-single-v1-redacted-review-template.md","GI-083 v1｜脱敏轨迹裁决","771b0d829c109402c7723e4c28c880aaf039d0a9d8717103ea8a9a31099f2c89","已跟踪","历史证据","历史证据","artifacts/generative-interview-board7/README.md","docs/generative-interview-refactor-map.md","公开脱敏证据","保留历史证据","保持原位","目录与包级规则推断","0",""
"artifacts/generative-interview-board7/2026-08-07-board7a-chat-e2e-single-v1/board7a-chat-e2e-single-v1-run-guide.md","GI-083 v1｜真实体验运行说明","f430363186e4551b12d9e7a9bee270667b0ae23935ad19e0214c3db979466b78","已跟踪","历史证据","历史证据","artifacts/generative-interview-board7/README.md","docs/generative-interview-refactor-map.md","公开证据","保留历史证据","保持原位","目录与包级规则推断","0",""
"artifacts/generative-interview-board7/2026-08-07-board7a-chat-e2e-single-v1/board7a-chat-e2e-single-v1-structure.md","GI-083 v1｜结构与程序校验","293378708a342bd53d049817f34f32ef297fd2f883a9f9998767708cf8453abe","已跟踪","历史证据","历史证据","artifacts/generative-interview-board7/README.md","docs/generative-interview-refactor-map.md","公开证据","保留历史证据","保持原位","目录与包级规则推断","0",""
"artifacts/generative-interview-board7/2026-08-07-board7b-prompt-skill-v0.1/README.md","GI-084 v0.1｜冻结规则分流与提问策略修正","4a09fef7feac441bc39ac23098c827d049473b426b64038e9c99679c53c84008","已跟踪","证据索引","历史证据","artifacts/generative-interview-board7/README.md","docs/generative-interview-refactor-map.md","公开证据","保留历史证据","保持原位","目录与包级规则推断","0",""
"artifacts/generative-interview-board7/2026-08-07-board7b-prompt-skill-v0.1/board7b-base-prompt-v0.1.md","Daily Light【陪我聊】基础 Prompt v0.1","5cc2b695415f84ba245804e74113e5c334f9936e142f388eb7eec51680dbcecf","已跟踪","历史证据","历史证据","artifacts/generative-interview-board7/README.md","docs/generative-interview-refactor-map.md","公开证据","保留历史证据","保持原位","目录与包级规则推断","0",""
"artifacts/generative-interview-board7/2026-08-07-board7b-prompt-skill-v0.1/board7b-gi068-080-rule-coverage-v0.1.md","GI-084 v0.1｜GI-068～080 冻结规则分流表","119f563468c0eaad6033b221474400b79cb5d471288f0e3b21d21c23d2151deb","已跟踪","历史证据","历史证据","artifacts/generative-interview-board7/README.md","docs/generative-interview-refactor-map.md","公开证据","保留历史证据","保持原位","目录与包级规则推断","0",""
"artifacts/generative-interview-board7/2026-08-07-board7b-prompt-skill-v0.1/board7b-prompt-skill-v0.1-regression-result.md","GI-084 v0.1｜8 次隐藏回归结果","a8ca3ae33d3fa88ba99d9dc2135c9264ca8ccc347f6e0bd8a15166f5f43a1194","已跟踪","历史证据","历史证据","artifacts/generative-interview-board7/README.md","docs/generative-interview-refactor-map.md","公开证据","保留历史证据","保持原位","目录与包级规则推断","0",""
"artifacts/generative-interview-board7/2026-08-07-board7b-prompt-skill-v0.1/board7b-semantic-result-v0.md","最小结构化语义结果 v0","f3615ae6343ee4c8b4b24a524f9952db7ed6fc389534e2ccbe5be9b0b162909d","已跟踪","历史证据","历史证据","artifacts/generative-interview-board7/README.md","docs/generative-interview-refactor-map.md","公开证据","保留历史证据","保持原位","目录与包级规则推断","0",""
"artifacts/generative-interview-board7/2026-08-07-board7b-prompt-skill-v0.1/conduct-daily-light-thinking-interview/SKILL.md","Interview Skill v0.1","fceb6aff414949cffb6e18dd190ba922281cce854e8ef16d778ab1943f9c6af8","已跟踪","历史证据","历史证据","artifacts/generative-interview-board7/README.md","docs/generative-interview-refactor-map.md","公开证据","保留历史证据","保持原位","目录与包级规则推断","0",""
"artifacts/generative-interview-board7/2026-08-07-board7b-prompt-skill-v0.2/README.md","GI-084 v0.2｜关联聚焦与结构合同修正版","b5040cd13d48480ec14ad6cbff0a84f4ac99406d741029bf79b2b5e361a91ffb","已跟踪","证据索引","历史证据","artifacts/generative-interview-board7/README.md","docs/generative-interview-refactor-map.md","公开证据","保留历史证据","保持原位","目录与包级规则推断","0",""
"artifacts/generative-interview-board7/2026-08-07-board7b-prompt-skill-v0.2/board7b-base-prompt-v0.1.md","Daily Light【陪我聊】基础 Prompt v0.1","5cc2b695415f84ba245804e74113e5c334f9936e142f388eb7eec51680dbcecf","已跟踪","历史证据","历史证据","artifacts/generative-interview-board7/README.md","docs/generative-interview-refactor-map.md","公开证据","保留历史证据","保持原位","目录与包级规则推断","0",""
"artifacts/generative-interview-board7/2026-08-07-board7b-prompt-skill-v0.2/board7b-prompt-skill-v0.2-regression-result.md","GI-084 v0.2｜8 次隐藏回归结果","ad395a32afaeae4ddcd55ac20ad7d14675e74f826faa00a6b58ed531cee061db","已跟踪","历史证据","历史证据","artifacts/generative-interview-board7/README.md","docs/generative-interview-refactor-map.md","公开证据","保留历史证据","保持原位","目录与包级规则推断","0",""
"artifacts/generative-interview-board7/2026-08-07-board7b-prompt-skill-v0.2/board7b-semantic-result-v0.1.md","最小结构化语义结果 v0.1","4031e7f8ea7bc9688d9491b5eef40bf035beb8629c3fb285a205b88141492489","已跟踪","历史证据","历史证据","artifacts/generative-interview-board7/README.md","docs/generative-interview-refactor-map.md","公开证据","保留历史证据","保持原位","目录与包级规则推断","0",""
"artifacts/generative-interview-board7/2026-08-07-board7b-prompt-skill-v0.2/conduct-daily-light-thinking-interview/SKILL.md","Interview Skill v0.2","f090c9a4b67f2e1cde826b6ec910b2f372940c8ff731d4787b5dcac34bb5fef9","已跟踪","历史证据","历史证据","artifacts/generative-interview-board7/README.md","docs/generative-interview-refactor-map.md","公开证据","保留历史证据","保持原位","目录与包级规则推断","0",""
"artifacts/generative-interview-board7/2026-08-07-board7b-prompt-skill-v0.3/README.md","GI-084 v0.3｜单轮提问表达修正版","97cdff75a09c7ea2d250ac4f74265acba2fbedc94d2f2258451182a95b1fd834","已跟踪","证据索引","历史证据","artifacts/generative-interview-board7/README.md","docs/generative-interview-refactor-map.md","公开证据","保留历史证据","保持原位","目录与包级规则推断","0",""
"artifacts/generative-interview-board7/2026-08-07-board7b-prompt-skill-v0.3/board7b-prompt-skill-v0.3-regression-result.md","GI-084 v0.3｜8 次隐藏回归结果","f9448af062fe53fa47949bad7d0e2f993e955fd976caa359c9a15fc4e39dc8db","已跟踪","历史证据","历史证据","artifacts/generative-interview-board7/README.md","docs/generative-interview-refactor-map.md","公开证据","保留历史证据","保持原位","目录与包级规则推断","0",""
"artifacts/generative-interview-board7/2026-08-07-board7b-prompt-skill-v0.3/conduct-daily-light-thinking-interview/SKILL.md","Interview Skill v0.3","dedb45c5d00564e913e388540d93fe4ff203e9da5fc8f537417c13eee5c4f4be","已跟踪","历史证据","历史证据","artifacts/generative-interview-board7/README.md","docs/generative-interview-refactor-map.md","公开证据","保留历史证据","保持原位","目录与包级规则推断","0",""
"artifacts/generative-interview-board7/2026-08-07-board7b-prompt-skill-v0.4/README.md","GI-084 v0.4｜关系探索对照案例修正版","b581c8361519d1d6aafcdc5efcf9705d816ba471f73fd83c5177f724e8254b7f","已跟踪","证据索引","历史证据","artifacts/generative-interview-board7/README.md","docs/generative-interview-refactor-map.md","公开证据","保留历史证据","保持原位","目录与包级规则推断","0",""
"artifacts/generative-interview-board7/2026-08-07-board7b-prompt-skill-v0.4/conduct-daily-light-thinking-interview/SKILL.md","Interview Skill v0.4","a4b3f4685a082e8d30c1d01ea8792dd08170de8bf9dfed1365d33bd51b2c2284","已跟踪","历史证据","历史证据","artifacts/generative-interview-board7/README.md","docs/generative-interview-refactor-map.md","公开证据","保留历史证据","保持原位","目录与包级规则推断","0",""
"artifacts/generative-interview-board7/2026-08-07-board7b-prompt-skill-v0/README.md","Board 7B｜基础 Prompt v0 与 Interview Skill v0 正式资产候选","f5c3e14ee19d6e26b8a159f12e6d55a2bc6f177ec7f47dbda4b55a951d0995b5","已跟踪","证据索引","历史证据","artifacts/generative-interview-board7/README.md","docs/generative-interview-refactor-map.md","公开证据","保留历史证据","保持原位","目录与包级规则推断","9",""
"artifacts/generative-interview-board7/2026-08-07-board7b-prompt-skill-v0/board7b-base-prompt-v0.md","Daily Light【陪我聊】基础 Prompt v0","27b3615de6748d015c36d7601d31b0103ac4b69095914b546e127cec4f6d35ce","已跟踪","历史证据","历史证据","artifacts/generative-interview-board7/README.md","docs/generative-interview-refactor-map.md","公开证据","保留历史证据","保持原位","目录与包级规则推断","0",""
"artifacts/generative-interview-board7/2026-08-07-board7b-prompt-skill-v0/board7b-prompt-skill-v0-conclusion-package.md","基础 Prompt v0 与 Interview Skill v0｜主会话同步结论包","ebaf8ce5cb4f0f3b2dbbd96c51f25d1302a1e07433610872c38831475e14b31c","已跟踪","历史证据","历史证据","artifacts/generative-interview-board7/README.md","docs/generative-interview-refactor-map.md","公开证据","保留历史证据","保持原位","目录与包级规则推断","6",""
"artifacts/generative-interview-board7/2026-08-07-board7b-prompt-skill-v0/board7b-semantic-result-v0.md","最小结构化语义结果 v0","f3615ae6343ee4c8b4b24a524f9952db7ed6fc389534e2ccbe5be9b0b162909d","已跟踪","历史证据","历史证据","artifacts/generative-interview-board7/README.md","docs/generative-interview-refactor-map.md","公开证据","保留历史证据","保持原位","目录与包级规则推断","0",""
"artifacts/generative-interview-board7/2026-08-07-board7b-prompt-skill-v0/board7b-to-board6-formal-handoff.md","Board 7B → Board 6｜基础 Prompt v0 与 Interview Skill v0 正式评测交接包","eadb57ba8592667cab1f7c5edc44cf83c78706a5967686e8cbae7ba606b3a05b","已跟踪","历史证据","历史证据","artifacts/generative-interview-board7/README.md","docs/generative-interview-refactor-map.md","公开证据","保留历史证据","保持原位","目录与包级规则推断","8",""
"artifacts/generative-interview-board7/2026-08-07-board7b-prompt-skill-v0/conduct-daily-light-thinking-interview/SKILL.md","Interview Skill v0","6436c7df4b4d0219b62a7d4b02aedffdf6f858076d7995a00b98204c4a1d9a0c","已跟踪","历史证据","历史证据","artifacts/generative-interview-board7/README.md","docs/generative-interview-refactor-map.md","公开证据","保留历史证据","保持原位","目录与包级规则推断","0",""
"artifacts/generative-interview-board7/2026-08-07-board7b-semantic-frame-v1/README.md","GI-085｜semantic-frame-first v1 候选包","0f7398a58e21443abf6aff94d2a2b284cb97d8e9c91046abd15bd1db905c343d","已跟踪","证据索引","历史证据","artifacts/generative-interview-board7/README.md","docs/generative-interview-refactor-map.md","公开证据","保留历史证据","保持原位","目录与包级规则推断","0",""
"artifacts/generative-interview-board7/2026-08-07-board7b-semantic-frame-v1/board7b-base-prompt-v1.md","Daily Light【陪我聊】基础 Prompt v1","21a724ddc40c5f2d6f1ed24eadacab12842493814820ae78231daa711d83763a","已跟踪","历史证据","历史证据","artifacts/generative-interview-board7/README.md","docs/generative-interview-refactor-map.md","公开证据","保留历史证据","保持原位","目录与包级规则推断","0",""
"artifacts/generative-interview-board7/2026-08-07-board7b-semantic-frame-v1/board7b-output-contract-v1.md","Daily Light 单轮结果合同 v1","1b9aacc9ad5e92359dd16da1175e841ac395829b62134b66a07d8fd6ff8614d8","已跟踪","历史证据","历史证据","artifacts/generative-interview-board7/README.md","docs/generative-interview-refactor-map.md","公开证据","保留历史证据","保持原位","目录与包级规则推断","0",""
"artifacts/generative-interview-board7/2026-08-07-board7b-semantic-frame-v1/board7b-root-cause-design-v1.md","GI-085 候选｜semantic-frame-first 根因设计","bd6971eea93a2e74527e0a6f11ec9311d872b54c25e2909f3c3f782867df7520","已跟踪","历史证据","历史证据","artifacts/generative-interview-board7/README.md","docs/generative-interview-refactor-map.md","公开证据","保留历史证据","保持原位","目录与包级规则推断","0",""
"artifacts/generative-interview-board7/2026-08-07-board7b-semantic-frame-v1/board7b-semantic-frame-v1-regression-review.md","GI-085｜8 次隔离回归结果与 Codex 初评","5ebf020c00d5530195ba6f8caf6582d073ecab72db243dd988d6bed49ce15d59","已跟踪","历史证据","历史证据","artifacts/generative-interview-board7/README.md","docs/generative-interview-refactor-map.md","公开脱敏证据","保留历史证据","保持原位","目录与包级规则推断","0",""
"artifacts/generative-interview-board7/2026-08-07-board7b-semantic-frame-v1/board7b-semantic-frame-v1-regression-rubric.md","semantic-frame v1｜8 次回归判尺","13aca44fb4cdd0bb07fcc735ffbdc68b207d0de7e54ac919eaaaf1a7171f1864","已跟踪","历史证据","历史证据","artifacts/generative-interview-board7/README.md","docs/generative-interview-refactor-map.md","公开证据","保留历史证据","保持原位","目录与包级规则推断","0",""
"artifacts/generative-interview-board7/2026-08-07-board7b-semantic-frame-v1/board7b-semantic-frame-v1-static-validation.md","semantic-frame v1｜静态与独立前向验证","e30eb6fd5a68f4ea2f862656f450426e20913475bc370c7ade993a10a7e056e5","已跟踪","历史证据","历史证据","artifacts/generative-interview-board7/README.md","docs/generative-interview-refactor-map.md","公开证据","保留历史证据","保持原位","目录与包级规则推断","0",""
"artifacts/generative-interview-board7/2026-08-07-board7b-semantic-frame-v1/board7b-turn-input-v1.md","Daily Light 单轮模型输入合同 v1","d6b6218b932c2b81372abef39b90c2c4f1e4f2c06e657e7c2652ff6d29ba38b4","已跟踪","历史证据","历史证据","artifacts/generative-interview-board7/README.md","docs/generative-interview-refactor-map.md","公开证据","保留历史证据","保持原位","目录与包级规则推断","0",""
"artifacts/generative-interview-board7/2026-08-07-board7b-semantic-frame-v1/conduct-daily-light-thinking-interview/SKILL.md","Daily Light Interview Skill v1","79790d026e1925f8edd15446dd7f0a4f91a08ec13897a5a0d4a57ef8b4b53198","已跟踪","历史证据","历史证据","artifacts/generative-interview-board7/README.md","docs/generative-interview-refactor-map.md","公开证据","保留历史证据","保持原位","目录与包级规则推断","0",""
"artifacts/generative-interview-board7/2026-08-07-board7b-thinking-capability-v1/README.md","GI-086｜DeepSeek Thinking 能力校准","3698b23c9edaa9f1567ac8810834ba65b9fe023b9ff29cd3f65edee4503ba2bf","已跟踪","证据索引","历史证据","artifacts/generative-interview-board7/README.md","docs/generative-interview-refactor-map.md","公开证据","保留历史证据","保持原位","目录与包级规则推断","2",""
"artifacts/generative-interview-board7/2026-08-07-board7b-thinking-capability-v1/board7b-thinking-capability-v1-codex-review.md","GI-086｜Codex 独立九维初评与能力路线结论","a8f25a9768f01744d6ecb9d3b9ac64d447ff302e50944ae9d85d6b7b680be2e3","已跟踪","历史证据","历史证据","artifacts/generative-interview-board7/README.md","docs/generative-interview-refactor-map.md","公开脱敏证据","保留历史证据","保持原位","目录与包级规则推断","0",""
"artifacts/generative-interview-board7/2026-08-07-board7b-thinking-capability-v1/board7b-thinking-capability-v1-product-review-template.md","GI-086｜产品负责人透明评审模板","7c4fd328bc9db2b97b88426b78e53c9077c7e3e6c1389a842e0c50721f9e148a","已跟踪","历史证据","历史证据","artifacts/generative-interview-board7/README.md","docs/generative-interview-refactor-map.md","公开脱敏证据","保留历史证据","保持原位","目录与包级规则推断","0",""
"artifacts/generative-interview-board7/2026-08-07-board7b-thinking-capability-v1/board7b-thinking-capability-v1-rubric.md","GI-086｜Thinking 能力校准判尺","69083e3c18fb4b248b436c6123803d8f03a9d747d1044efedc80b4dd65f24503","已跟踪","历史证据","历史证据","artifacts/generative-interview-board7/README.md","docs/generative-interview-refactor-map.md","公开证据","保留历史证据","保持原位","目录与包级规则推断","0",""
"artifacts/generative-interview-board7/2026-08-07-board7b-thinking-capability-v1/board7b-thinking-capability-v1-transparent-review.md","GI-086｜Thinking 能力校准透明评审","30f6a864cfec3790b52b2629cdad973239702f35a3e1444dc0182f1bd8ff3fe0","已跟踪","历史证据","历史证据","artifacts/generative-interview-board7/README.md","docs/generative-interview-refactor-map.md","公开脱敏证据","保留历史证据","保持原位","目录与包级规则推断","0",""
"artifacts/generative-interview-board7/2026-08-07-board7b-working-task-v1/README.md","GI-087｜“共同任务＋当前探查”历史候选资产","ed56327517f0c50ebfbfac732196b4d41f898156dbe3f624bf276f6104146875","已跟踪","证据索引","历史证据","artifacts/generative-interview-board7/README.md","docs/generative-interview-refactor-map.md","公开证据","保留历史证据","保持原位","目录与包级规则推断","6",""
"artifacts/generative-interview-board7/2026-08-07-board7b-working-task-v1/board7b-base-prompt-v1.md","Daily Light【陪我聊】基础 Prompt v1","526c7d8b338264bc345a2fda7415d3d0682a61c8700022af17f7afa7a9895c64","已跟踪","历史证据","历史证据","artifacts/generative-interview-board7/README.md","docs/generative-interview-refactor-map.md","公开证据","保留历史证据","保持原位","目录与包级规则推断","0",""
"artifacts/generative-interview-board7/2026-08-07-board7b-working-task-v1/board7b-output-contract-v1.md","Daily Light 单轮结果合同｜working-task v1","7b99c52372c0593fdd6e1d8484c052a83887812678bb5cd9865bc87d136a4f5c","已跟踪","历史证据","历史证据","artifacts/generative-interview-board7/README.md","docs/generative-interview-refactor-map.md","公开证据","保留历史证据","保持原位","目录与包级规则推断","0",""
"artifacts/generative-interview-board7/2026-08-07-board7b-working-task-v1/board7b-turn-input-v1.md","Daily Light 单轮模型输入合同｜working-task v1","5fb6a60946447a8cc3ed48a815796b29287dbb1bd9ecb34efe8747a5eef013c8","已跟踪","历史证据","历史证据","artifacts/generative-interview-board7/README.md","docs/generative-interview-refactor-map.md","公开证据","保留历史证据","保持原位","目录与包级规则推断","0",""
"artifacts/generative-interview-board7/2026-08-07-board7b-working-task-v1/board7b-working-task-v1-codex-review.md","GI-087｜六题 Codex 独立初评","936c63d0cdae32586494ac917b8cc46f85c15ff1fde3719f6e0ab0512f718793","已跟踪","历史证据","历史证据","artifacts/generative-interview-board7/README.md","docs/generative-interview-refactor-map.md","公开脱敏证据","保留历史证据","保持原位","目录与包级规则推断","1",""
"artifacts/generative-interview-board7/2026-08-07-board7b-working-task-v1/board7b-working-task-v1-context-eligibility-audit.md","GI-087｜六题上下文资格审计","9096de97286f13cabdaa8dc6ef57d29c38d69a6dcece83c50d57d4d214c00c3e","已跟踪","历史证据","历史证据","artifacts/generative-interview-board7/README.md","docs/generative-interview-refactor-map.md","公开证据","保留历史证据","保持原位","目录与包级规则推断","0",""
"artifacts/generative-interview-board7/2026-08-07-board7b-working-task-v1/board7b-working-task-v1-product-review-template.md","GI-087｜6 题透明产品评审模板","9a6bf903fcd171c4201c8195974afb8f9ca9e7564f12c70f8230ba353f63700f","已跟踪","历史证据","历史证据","artifacts/generative-interview-board7/README.md","docs/generative-interview-refactor-map.md","公开脱敏证据","保留历史证据","保持原位","目录与包级规则推断","0",""
"artifacts/generative-interview-board7/2026-08-07-board7b-working-task-v1/board7b-working-task-v1-product-review.md","GI-087｜六题产品负责人透明裁决","766e423ec5e78cfc21f404a2da71b1c38eda905a5b47dfe72af397fa87bbf747","已跟踪","历史证据","历史证据","artifacts/generative-interview-board7/README.md","docs/generative-interview-refactor-map.md","公开脱敏证据","保留历史证据","保持原位","目录与包级规则推断","3",""
"artifacts/generative-interview-board7/2026-08-07-board7b-working-task-v1/board7b-working-task-v1-rubric.md","GI-087｜6 题“共同任务＋当前探查”筛选判尺","ddf09de1101ebe1b34dba5e7a25bbd9b5e4c5c2803f34cc78d8557a42046583a","已跟踪","历史证据","历史证据","artifacts/generative-interview-board7/README.md","docs/generative-interview-refactor-map.md","公开证据","保留历史证据","保持原位","目录与包级规则推断","1",""
"artifacts/generative-interview-board7/2026-08-07-board7b-working-task-v1/conduct-daily-light-thinking-interview/SKILL.md","Daily Light Interview Skill｜working-task v1","d984590640e684f713238ba0bcc8d5097bc7902f1a0c25a45d9132e9f8f6e92c","已跟踪","历史证据","历史证据","artifacts/generative-interview-board7/README.md","docs/generative-interview-refactor-map.md","公开证据","保留历史证据","保持原位","目录与包级规则推断","0",""
"artifacts/generative-interview-board7/2026-08-08-gi088-human-eval-v0/README.md","GI-088｜真人交互开发评测集 v0 与透明 Thinking 对照","2290a513ddfe11fc6b47f42a03b1952b37a708c585905e70f240e89f1131def5","已跟踪","证据索引","历史证据","artifacts/generative-interview-board7/README.md","docs/generative-interview-refactor-map.md","公开脱敏证据","保留历史证据","保持原位","目录与包级规则推断","5",""
"artifacts/generative-interview-board7/2026-08-08-gi088-human-eval-v0/gi088-evaluation-runner-build-handoff.md","GI-088 v0.5｜历史评测运行器建设交接卡","176b0e88b0d55145478ee8d89b120c7dbb1757661b517f1825f1757fc9f4bed2","已跟踪","历史证据","历史证据","artifacts/generative-interview-board7/README.md","docs/generative-interview-refactor-map.md","公开脱敏证据","保留历史证据","保持原位","目录与包级规则推断","1",""
"artifacts/generative-interview-board7/2026-08-08-gi088-human-eval-v0/gi088-output-contract-clarification-v0.1.md","GI-088 输出合同澄清 v0.1","bd2be750c03de65529b474cf9708250498a15834f3775c2a392a40b737589e12","已跟踪","历史证据","历史证据","artifacts/generative-interview-board7/README.md","docs/generative-interview-refactor-map.md","公开脱敏证据","保留历史证据","保持原位","目录与包级规则推断","0",""
"artifacts/generative-interview-board7/2026-08-08-gi088-human-eval-v0/gi088-runner-validation.md","GI-088 v0.5｜评测运行器验证记录","5b3b10427120e65309589c265a8652423ce50f00c132a051eca49c9f31191e82","已跟踪","历史证据","历史证据","artifacts/generative-interview-board7/README.md","docs/generative-interview-refactor-map.md","公开脱敏证据","保留历史证据","保持原位","目录与包级规则推断","2",""
"artifacts/generative-interview-board7/2026-08-08-gi088-human-eval-v0/gi088-smoke-authorization-template.md","GI-088 v0.5｜逐臂技术冒烟授权文本","c077a136881291d60ca149590a652068fdaec854bbf1c645904d731c2440575f","已跟踪","历史证据","历史证据","artifacts/generative-interview-board7/README.md","docs/generative-interview-refactor-map.md","公开脱敏证据","保留历史证据","保持原位","目录与包级规则推断","0",""
"artifacts/generative-interview-board7/2026-08-08-gi088-human-eval-v0/gi088-technical-smoke-history.md","GI-088｜技术冒烟历史与根因记录","f83975d525866627388a220ef044434833bea6749bfa888c3b65e465618fb4c4","已跟踪","历史证据","历史证据","artifacts/generative-interview-board7/README.md","docs/generative-interview-refactor-map.md","公开脱敏证据","保留历史证据","保持原位","目录与包级规则推断","1",""
"artifacts/generative-interview-board7/2026-08-09-board7b-working-task-v2-stage-transition/README.md","Board 7B｜阶段 2→3 转场候选资产","4862ee0c87092db918fe67c73984028d96e99ff8b1d16093fc7ccfad487b007c","已跟踪","证据索引","历史证据","artifacts/generative-interview-board7/README.md","docs/generative-interview-refactor-map.md","公开证据","保留历史证据","保持原位","目录与包级规则推断","1",""
"artifacts/generative-interview-board7/2026-08-09-board7b-working-task-v2-stage-transition/board7b-base-prompt-v2.md","Daily Light【陪我聊】基础 Prompt v1","8e5248c8e3535280f8477e13e9827f95b1e677b42886c642387ce8587c6a9d9a","已跟踪","历史证据","历史证据","artifacts/generative-interview-board7/README.md","docs/generative-interview-refactor-map.md","公开证据","保留历史证据","保持原位","目录与包级规则推断","0",""
"artifacts/generative-interview-board7/2026-08-09-board7b-working-task-v2-stage-transition/board7b-output-contract-v2.md","Daily Light 单轮结果合同｜working-task v1","8d13db32698b20435f3ba14923b0c250846f96eec20c7f01bb3169846f45d1a0","已跟踪","历史证据","历史证据","artifacts/generative-interview-board7/README.md","docs/generative-interview-refactor-map.md","公开证据","保留历史证据","保持原位","目录与包级规则推断","0",""
"artifacts/generative-interview-board7/2026-08-09-board7b-working-task-v2-stage-transition/board7b-turn-input-v2.md","Daily Light 单轮模型输入合同｜working-task v1","5b0b9d27d5e7704fc7b6ef98dbc709bb2945d962383f3911052e4858633b34b2","已跟踪","历史证据","历史证据","artifacts/generative-interview-board7/README.md","docs/generative-interview-refactor-map.md","公开证据","保留历史证据","保持原位","目录与包级规则推断","0",""
"artifacts/generative-interview-board7/2026-08-09-board7b-working-task-v2-stage-transition/conduct-daily-light-thinking-interview/SKILL.md","Daily Light Interview Skill｜working-task v1","cd285bacb3aad820fa71e096f3bbdc41f93ecd0a28cd643d626f83e385128a40","已跟踪","历史证据","历史证据","artifacts/generative-interview-board7/README.md","docs/generative-interview-refactor-map.md","公开证据","保留历史证据","保持原位","目录与包级规则推断","0",""
"artifacts/generative-interview-board7/2026-08-09-gi088-human-eval-v1/README.md","GI-088｜真人交互开发评测集 v1","7bed7f918ac787185fda08cea49251d58112e39b14704cbc34ea903eea62c409","已跟踪","证据索引","历史证据","artifacts/generative-interview-board7/README.md","docs/generative-interview-refactor-map.md","公开脱敏证据","保留历史证据","保持原位","目录与包级规则推断","15",""
"artifacts/generative-interview-board7/2026-08-09-gi088-human-eval-v1/gi088-empty-content-response-format-probe-v1-decision.md","GI-088｜空内容 response format 配对探针裁决","4095df932b75c5a67ed112ded9884ba2942b981b996788bf1b44b0c683f01eaa","已跟踪","历史证据","历史证据","artifacts/generative-interview-board7/README.md","docs/generative-interview-refactor-map.md","公开脱敏证据","保留历史证据","保持原位","目录与包级规则推断","4",""
"artifacts/generative-interview-board7/2026-08-09-gi088-human-eval-v1/gi088-empty-content-thinking-mode-probe-v1-decision.md","GI-088｜空内容 Thinking 模式配对探针裁决","7246f294822efee633587851874d381df163f3dd77b0f704c71157a3c7afd150","已跟踪","历史证据","历史证据","artifacts/generative-interview-board7/README.md","docs/generative-interview-refactor-map.md","公开脱敏证据","保留历史证据","保持原位","目录与包级规则推断","2",""
"artifacts/generative-interview-board7/2026-08-09-gi088-human-eval-v1/gi088-human-eval-v1-batch-reconciliation.md","GI-088 v1｜整批复盘与下一主要影响因素","42f037c2081e2d8ae73ee7ab5c28939b6c88837a95269f054930427c9ef4a412","已跟踪","历史证据","历史证据","artifacts/generative-interview-board7/README.md","docs/generative-interview-refactor-map.md","公开脱敏证据","保留历史证据","保持原位","目录与包级规则推断","0",""
"artifacts/generative-interview-board7/2026-08-09-gi088-human-eval-v1/gi088-human-eval-v1-batch-seal-audit.md","GI-088 v1｜8/12 提前结束与只读封存核验","d54d969b4ec3ce87b47b40fe9e59a753edc041b94cead501863c9fc60e3fae29","已跟踪","历史证据","历史证据","artifacts/generative-interview-board7/README.md","docs/generative-interview-refactor-map.md","公开脱敏证据","保留历史证据","保持原位","目录与包级规则推断","0",""
"artifacts/generative-interview-board7/2026-08-09-gi088-human-eval-v1/gi088-human-eval-v1-codex-review.md","GI-088 v1｜Codex 独立九维初评与阻断检查","56f15d21cf414dfde151d394e5ed0aa1c99e9d66dfa21668794cdfde1fa284d2","已跟踪","历史证据","历史证据","artifacts/generative-interview-board7/README.md","docs/generative-interview-refactor-map.md","公开脱敏证据","保留历史证据","保持原位","目录与包级规则推断","0",""
"artifacts/generative-interview-board7/2026-08-09-gi088-human-eval-v1/gi088-human-eval-v1-product-review.md","GI-088 v1｜产品负责人真人体验评价","81872f7d7c77419fcd9504ef14ccac9dff440ef0c526a15c17db542a0ba25abb","已跟踪","历史证据","历史证据","artifacts/generative-interview-board7/README.md","docs/generative-interview-refactor-map.md","公开脱敏证据","保留历史证据","保持原位","目录与包级规则推断","0",""
"artifacts/generative-interview-board7/2026-08-09-gi088-human-eval-v1/gi088-runner-validation.md","GI-088 v1｜评测运行器验证记录","243a649e10f2fbdef3f3e07d2631e762785573a7e13737146e71b800d31553d6","已跟踪","历史证据","历史证据","artifacts/generative-interview-board7/README.md","docs/generative-interview-refactor-map.md","公开脱敏证据","保留历史证据","保持原位","目录与包级规则推断","0",""
"artifacts/generative-interview-board7/2026-08-09-gi088-human-eval-v2-diagnostic/README.md","GI-088｜v2 Diagnostic 评测底座、空内容结果与 Thinking 探针准备","34b908dae5ac3b9bdc7a77f8fc24605475c7ebbe9e80ba66f9066490dcca95e0","已跟踪","证据索引","历史证据","artifacts/generative-interview-board7/README.md","docs/generative-interview-refactor-map.md","公开脱敏证据","保留历史证据","保持原位","目录与包级规则推断","9",""
"artifacts/generative-interview-board7/2026-08-09-gi088-human-eval-v2-diagnostic/gi088-v2-diagnostic-static-validation.md","GI-088 v2 Diagnostic｜静态验证记录","5b8cdb619f0d93e819cd287e728ced13a367b5ee08ce3de9dc7e5c7a7330a411","已跟踪","历史证据","历史证据","artifacts/generative-interview-board7/README.md","docs/generative-interview-refactor-map.md","公开脱敏证据","保留历史证据","保持原位","目录与包级规则推断","0",""
"artifacts/generative-interview-board7/2026-08-09-gi088-human-eval-v3-empty-recovery/README.md","GI-088｜v3 Thinking high 可见答案自动恢复候选","3d213a4e70d103ff8afef41def10b2383a6880670e2192ea880cf4133d8ffbf8","已跟踪","证据索引","历史证据","artifacts/generative-interview-board7/README.md","docs/generative-interview-refactor-map.md","公开脱敏证据","保留历史证据","保持原位","目录与包级规则推断","3",""
"artifacts/generative-interview-board7/2026-08-09-gi088-human-eval-v3-empty-recovery/gi088-v3-empty-recovery-static-validation.md","GI-088 v3｜Thinking high 可见答案自动恢复静态验证","6bf93c935179609a81abd91ab7ddc02df86e19fa02463cfb1473350c0022a1c8","已跟踪","历史证据","历史证据","artifacts/generative-interview-board7/README.md","docs/generative-interview-refactor-map.md","公开脱敏证据","保留历史证据","保持原位","目录与包级规则推断","0",""
"artifacts/generative-interview-board7/2026-08-09-gi088-human-eval-v3-empty-recovery/gi088-v3-targeted-human-eval-summary.md","GI-088 v3｜A1 定向真人评测复盘","b6d1b1cacebc333114cee809b74b112d8362c1aeea7967db7fe0026493b29660","已跟踪","历史证据","历史证据","artifacts/generative-interview-board7/README.md","docs/generative-interview-refactor-map.md","公开脱敏证据","保留历史证据","保持原位","目录与包级规则推断","0",""
"artifacts/generative-interview-board7/2026-08-09-gi088-human-eval-v4-stage-transition/README.md","GI-088｜v4 阶段 2→3 自然转场候选","b19edc461690adc95ed50cefe592a2e718204cf35d950488fdb903439340f75c","已跟踪","证据索引","历史证据","artifacts/generative-interview-board7/README.md","docs/generative-interview-refactor-map.md","公开脱敏证据","保留历史证据","保持原位","目录与包级规则推断","2",""
"artifacts/generative-interview-board7/2026-08-09-gi088-human-eval-v4-stage-transition/gi088-v4-stage-transition-static-validation.md","GI-088 v4｜阶段 2→3 自然转场静态验证","c7246d903c9033797de6b629f623c4d2e75a4f14d1ce47b6ab0c91467945c7ec","已跟踪","历史证据","历史证据","artifacts/generative-interview-board7/README.md","docs/generative-interview-refactor-map.md","公开脱敏证据","保留历史证据","保持原位","目录与包级规则推断","0",""
"artifacts/generative-interview-board7/2026-08-09-gi088-human-eval-v5-high-reliability/README.md","GI-088｜v5 Thinking high 可靠性候选","c3139fb4fe199ca7d458b2bd9d61c5cc9c79e607c4f7fe6cee72bfd710e3a1da","已跟踪","证据索引","历史证据","artifacts/generative-interview-board7/README.md","docs/generative-interview-refactor-map.md","公开脱敏证据","保留历史证据","保持原位","目录与包级规则推断","0",""
"artifacts/generative-interview-board7/2026-08-09-gi088-human-eval-v5-high-reliability/gi088-v5-high-reliability-static-validation.md","GI-088 v5｜Thinking high 可靠性候选静态验证","a9b04923d3a7003e61db07419df187c074b1ab351ed26ef10164ce2b2966c2b6","已跟踪","历史证据","历史证据","artifacts/generative-interview-board7/README.md","docs/generative-interview-refactor-map.md","公开脱敏证据","保留历史证据","保持原位","目录与包级规则推断","0",""
"artifacts/generative-interview-board7/2026-08-09-gi088-human-eval-v6-single-focus/README.md","GI-088｜v6 单一回答焦点候选","47ae16d02ee2cd698af1cc73b616f473d2dc27d6d52d35939484cb1ca4365d59","已跟踪","证据索引","历史证据","artifacts/generative-interview-board7/README.md","docs/generative-interview-refactor-map.md","公开脱敏证据","保留历史证据","保持原位","目录与包级规则推断","2",""
"artifacts/generative-interview-board7/2026-08-09-gi088-human-eval-v6-single-focus/gi088-v6-human-eval-closure-summary.md","GI-088 v6｜真人评测收口摘要","ff0ed3e9bed9ce28d471b6f975c340e164aa2142ca0fbe8b7061abd3fafb2675","已跟踪","历史证据","历史证据","artifacts/generative-interview-board7/README.md","docs/generative-interview-refactor-map.md","公开脱敏证据","保留历史证据","保持原位","目录与包级规则推断","0",""
"artifacts/generative-interview-board7/2026-08-09-gi088-human-eval-v6-single-focus/gi088-v6-single-focus-static-validation.md","GI-088 v6｜单一回答焦点候选静态验证","c5970145c08d99fbf4fea898812061a72d116d8b647d7ada7276960d44994eb7","已跟踪","历史证据","历史证据","artifacts/generative-interview-board7/README.md","docs/generative-interview-refactor-map.md","公开脱敏证据","保留历史证据","保持原位","目录与包级规则推断","0",""
"artifacts/generative-interview-board7/2026-08-09-gi088-human-eval-v7-continuity-baseline/README.md","GI-088｜v7 连续性底座候选","925c0b5db4765df08bca166d9613331a20c97b127498a549b7347cdaeb798e6f","已跟踪","证据索引","历史证据","artifacts/generative-interview-board7/README.md","docs/generative-interview-refactor-map.md","公开脱敏证据","保留历史证据","保持原位","目录与包级规则推断","3",""
"artifacts/generative-interview-board7/2026-08-09-gi088-human-eval-v7-continuity-baseline/gi088-v7-continuity-static-validation.md","GI-088 v7｜连续性底座静态验证","2dec128d2e40df0035fce3a4f72d950afb13dddbe9fc14e9c4160a61bc146720","已跟踪","历史证据","历史证据","artifacts/generative-interview-board7/README.md","docs/generative-interview-refactor-map.md","公开脱敏证据","保留历史证据","保持原位","目录与包级规则推断","0",""
"artifacts/generative-interview-board7/2026-08-10-gi088-human-eval-v7r1-visible-continuation/README.md","GI-088｜v7r1 Thinking high 可见答案 Prefix 续写","c93a50735eafa488c484443f09c0b51a69e984c7af8a7d3d842951198a062510","已跟踪","证据索引","历史证据","artifacts/generative-interview-board7/README.md","docs/generative-interview-refactor-map.md","公开脱敏证据","保留历史证据","保持原位","目录与包级规则推断","7",""
"artifacts/generative-interview-board7/2026-08-10-gi088-human-eval-v7r1-visible-continuation/gi088-ark-flash-platform-probe-v1-decision.md","GI-088｜火山 Ark DeepSeek V4 Flash 平台对照结论","926daba45166973796af31d4f70230793de8cd6c0577ab7916b570e8a305dbbb","已跟踪","历史证据","历史证据","artifacts/generative-interview-board7/README.md","docs/generative-interview-refactor-map.md","公开脱敏证据","保留历史证据","保持原位","目录与包级规则推断","0",""
"artifacts/generative-interview-board7/2026-08-10-gi088-human-eval-v7r1-visible-continuation/gi088-flash-pro-model-comparison-v1-decision.md","GI-088｜DeepSeek V4 Flash / Pro 空正文对照结论","55dee8d3b4d312a2d696d43a59d5c14ea75867f9d9e89d17a9dde02d9d42b841","已跟踪","历史证据","历史证据","artifacts/generative-interview-board7/README.md","docs/generative-interview-refactor-map.md","公开脱敏证据","保留历史证据","保持原位","目录与包级规则推断","0",""
"artifacts/generative-interview-board7/2026-08-10-gi088-human-eval-v7r1-visible-continuation/gi088-v7r1-visible-continuation-static-validation.md","GI-088 v7r1｜Thinking high 可见答案 Prefix 续写静态验证","965b0d88f84f9436ae7523592df8b5f1f692b02326d7f037ef1bf3a6c10322dd","已跟踪","历史证据","历史证据","artifacts/generative-interview-board7/README.md","docs/generative-interview-refactor-map.md","公开脱敏证据","保留历史证据","保持原位","目录与包级规则推断","1",""
"artifacts/generative-interview-board7/2026-08-10-gi088-human-eval-v7r2-ark-flash/README.md","GI-088｜v7r2 Thinking high Ark Flash","52443b9f91ffaf1e7ff9ca8de3c00ccd5472e5691c7e7354e1ce8719e3d44d67","已跟踪","证据索引","历史证据","artifacts/generative-interview-board7/README.md","docs/generative-interview-refactor-map.md","公开脱敏证据","保留历史证据","保持原位","目录与包级规则推断","0",""
"artifacts/generative-interview-board7/2026-08-10-gi088-human-eval-v7r2-ark-flash/gi088-v7r2-ark-flash-static-validation.md","GI-088 v7r2｜Thinking high Ark Flash 静态验证","3f445fb90520d63a64a0236a82968874669889a6365ecd3df7f4e273141e37e0","已跟踪","历史证据","历史证据","artifacts/generative-interview-board7/README.md","docs/generative-interview-refactor-map.md","公开脱敏证据","保留历史证据","保持原位","目录与包级规则推断","0",""
"artifacts/generative-interview-board7/2026-08-10-gi088-human-eval-v7r3-deterministic-state/README.md","GI-088｜v7r3 程序维护确定性状态","9f4070ed697a011ae7721a1ed7d1b4461ccc2ca9b6fa52a59423cf18b1fcb469","已跟踪","证据索引","历史证据","artifacts/generative-interview-board7/README.md","docs/generative-interview-refactor-map.md","公开脱敏证据","保留历史证据","保持原位","目录与包级规则推断","0",""
"artifacts/generative-interview-board7/2026-08-10-gi088-human-eval-v7r3-deterministic-state/gi088-v7r3-zero-call-replay.md","GI-088 v7r3｜零模型回放记录","3aefd573051a65086c7e0bf94ddac563c613bc925395673ad48e79b7122ac5ce","已跟踪","历史证据","历史证据","artifacts/generative-interview-board7/README.md","docs/generative-interview-refactor-map.md","公开脱敏证据","保留历史证据","保持原位","目录与包级规则推断","0",""
"artifacts/generative-interview-board7/2026-08-10-gi088-human-eval-v7r4-pro/README.md","GI-088｜v7r4 官方 DeepSeek V4 Pro 真人验收","fd673995d8e9f91bd7bf044890baf4c8ca4cc4ace60364e0eb5bdc780c8306d8","已跟踪","证据索引","历史证据","artifacts/generative-interview-board7/README.md","docs/generative-interview-refactor-map.md","公开脱敏证据","保留历史证据","保持原位","目录与包级规则推断","0",""
"artifacts/generative-interview-board7/2026-08-10-gi088-human-eval-v7r4-pro/gi088-v7r4-human-eval-closure-summary.md","GI-088 v7r4｜真人评测脱敏收口","149528d196f002a94317e8d384113efbfa6fff9002d824e046bb4b8af198c87f","已跟踪","历史证据","历史证据","artifacts/generative-interview-board7/README.md","docs/generative-interview-refactor-map.md","公开脱敏证据","保留历史证据","保持原位","目录与包级规则推断","0",""
"artifacts/generative-interview-board7/2026-08-10-gi088-human-eval-v7r4-pro/gi088-v7r4-pro-static-validation.md","GI-088 v7r4｜官方 DeepSeek V4 Pro 静态验证","3b130a8861b2d73ffd84e8d390dc6a8132f017bc75fe8d81cb180ba613ab7b10","已跟踪","历史证据","历史证据","artifacts/generative-interview-board7/README.md","docs/generative-interview-refactor-map.md","公开脱敏证据","保留历史证据","保持原位","目录与包级规则推断","1",""
"artifacts/generative-interview-board7/2026-08-10-gi088-human-eval-v8-question-decision-pro/README.md","GI-088｜v8 统一问前决策与确定性状态修复","f07b8a934a32d8774cba4fd8d0637d8756774bf842484394d99942b98a8007ff","已跟踪","证据索引","历史证据","artifacts/generative-interview-board7/README.md","docs/generative-interview-refactor-map.md","公开脱敏证据","保留历史证据","保持原位","目录与包级规则推断","1",""
"artifacts/generative-interview-board7/2026-08-10-gi088-human-eval-v8-question-decision-pro/gi088-v8-human-eval-closure-summary.md","GI-088 v8｜真人验收收口","efce68b4004d5808a71edd0fee87e1c66a5fd9e7c4ab7d9deae1165bb29fd405","已跟踪","历史证据","历史证据","artifacts/generative-interview-board7/README.md","docs/generative-interview-refactor-map.md","公开脱敏证据","保留历史证据","保持原位","目录与包级规则推断","0",""
"artifacts/generative-interview-board7/2026-08-10-gi088-human-eval-v8-question-decision-pro/gi088-v8-question-decision-static-validation.md","GI-088 v8｜统一问前决策与确定性状态修复静态验证","06498f499a5582987686aaef15c888f6a5c9c1548a700769d4f2855e687e7cb7","已跟踪","历史证据","历史证据","artifacts/generative-interview-board7/README.md","docs/generative-interview-refactor-map.md","公开脱敏证据","保留历史证据","保持原位","目录与包级规则推断","0",""
"artifacts/generative-interview-board7/2026-08-10-gi088-human-eval-v8r1-final12/README.md","GI-088｜v8r1 最终 12 项独立验收","a84e4485ec371b007be401240efd5a913d57489647f61a6ddec9019a91f4b49e","已跟踪","证据索引","历史证据","artifacts/generative-interview-board7/README.md","docs/generative-interview-refactor-map.md","公开脱敏证据","保留历史证据","保持原位","目录与包级规则推断","3",""
"artifacts/generative-interview-board7/2026-08-10-gi088-human-eval-v8r1-final12/gi088-v8r1-final12-static-validation.md","GI-088 v8r1｜最终 12 项静态验证","fcc87171dbe698dd2e315b0346e13903fae0549caedf6bb733c38ce6de3f62b8","已跟踪","历史证据","历史证据","artifacts/generative-interview-board7/README.md","docs/generative-interview-refactor-map.md","公开脱敏证据","保留历史证据","保持原位","目录与包级规则推断","0",""
"artifacts/generative-interview-board7/2026-08-10-gi088-human-eval-v8r2-foundation-hardening/README.md","GI-088 v8r2 评测底座加固证据包","0a11ce5d3b311dfd89e84289a699adf73e982fdc591caeed3077c09a6ce30a31","已跟踪","证据索引","历史证据","artifacts/generative-interview-board7/README.md","docs/generative-interview-refactor-map.md","公开脱敏证据","保留历史证据","保持原位","目录与包级规则推断","10",""
"artifacts/generative-interview-board7/2026-08-10-gi088-human-eval-v8r2-foundation-hardening/gi088-v8r2-control-zero-model-replay.md","GI-088 v8r2 控制意图零模型回放","f61ef8dfb47fcf149296eac2dc1b16cd8e0407ad09cd8541877c6f4d9ca6ddb7","已跟踪","历史证据","历史证据","artifacts/generative-interview-board7/README.md","docs/generative-interview-refactor-map.md","公开脱敏证据","保留历史证据","保持原位","目录与包级规则推断","0",""
"artifacts/generative-interview-board7/2026-08-10-gi088-human-eval-v8r2-foundation-hardening/gi088-v8r2-foundation-hardening-static-validation.md","GI-088 v8r2 静态验证","27260e97a2c48d8aac1903cbcc9095e4a5c65edc6598e27327daa234cba540d8","已跟踪","历史证据","历史证据","artifacts/generative-interview-board7/README.md","docs/generative-interview-refactor-map.md","公开脱敏证据","保留历史证据","保持原位","目录与包级规则推断","0",""
"artifacts/generative-interview-board7/2026-08-10-gi088-human-eval-v8r2-foundation-hardening/gi088-v8r2-historical-compatibility-export-validation.md","GI-088 v8r2 历史兼容与导出验证","5e32f5ba37053b7a11a493f53f3e4be8f09cc0826f2a703cd050f03ffd3ad2b1","已跟踪","历史证据","历史证据","artifacts/generative-interview-board7/README.md","docs/generative-interview-refactor-map.md","公开脱敏证据","保留历史证据","保持原位","目录与包级规则推断","0",""
"artifacts/generative-interview-board7/2026-08-10-gi088-human-eval-v8r2-foundation-hardening/gi088-v8r2-preview-readback.md","GI-088 v8r2 Preview 部署与 `0/12` 回读","d5064fab5d6c5f6afd3d8efea2cff8c58aea411cb9becfbce85550906d9a17d1","已跟踪","历史证据","历史证据","artifacts/generative-interview-board7/README.md","docs/generative-interview-refactor-map.md","公开脱敏证据","保留历史证据","保持原位","目录与包级规则推断","0",""
"artifacts/generative-interview-board7/2026-08-10-gi088-human-eval-v8r2-foundation-hardening/gi088-v8r2-real-evaluation-db-validation.md","GI-088 v8r2 真实评测库验证","274075272d305270e9d887a6ea4c3b9ecf618796c3e4376b90358bb13e77bbc5","已跟踪","历史证据","历史证据","artifacts/generative-interview-board7/README.md","docs/generative-interview-refactor-map.md","公开脱敏证据","保留历史证据","保持原位","目录与包级规则推断","0",""
"artifacts/generative-interview-board7/README.md","Board 7 评测与候选资产索引","c4032a5eed01630a8d828bb1ecfd3e02e11531cb6ef9cfaf3f80dc73402ba939","已跟踪","历史证据","历史证据","[GI-088 历史真实金标库当前入口](../generative-interview-board6/2026-08-13-gi088-dual-track-v1/README.md)","docs/generative-interview-refactor-map.md","公开证据","保留历史证据","包级索引已收口","显式元数据","21",""
"artifacts/generative-interview-board8/2026-08-02-gi056-candidate/candidate-lineage.md","GI-056 候选｜Preview 血缘与执行状态","8be27032db0342aa00bb23d21de89e056229d0033c53e402f5bd512eb810af99","已跟踪","历史证据","历史证据","artifacts/generative-interview-board8/README.md","docs/generative-interview-refactor-map.md","公开证据","保留历史证据","保持原位","目录与包级规则推断","0",""
"artifacts/generative-interview-board8/2026-08-02-local-preview/board8-production-first10-audit.md","板块 8｜Production 首批有效会话只读审计","52ef6c5612e49171ce0891f544a609b44c0a339d6f2c53ac94c2e6b53c9aad59","已跟踪","历史证据","历史证据","artifacts/generative-interview-board8/README.md","docs/generative-interview-refactor-map.md","公开脱敏证据","保留历史证据","保持原位","目录与包级规则推断","0",""
"artifacts/generative-interview-board8/2026-08-02-preview/board8-production-first10-audit.md","板块 8｜Production 首批有效会话只读审计","858fa849962bc31451d09e4e24204e13f05ba0f1f63a4c7574021a1118a2ab96","已跟踪","历史证据","历史证据","artifacts/generative-interview-board8/README.md","docs/generative-interview-refactor-map.md","公开脱敏证据","保留历史证据","保持原位","目录与包级规则推断","0",""
"artifacts/generative-interview-board8/2026-08-02-preview/preview-execution-evidence.md","板块 8｜GI-055 Preview 执行证据","7047bce51c1886c68291e871798d3d458a6f87ac3a5dcee74979ed5b78c94555","已跟踪","历史证据","历史证据","artifacts/generative-interview-board8/README.md","docs/generative-interview-refactor-map.md","公开脱敏证据","保留历史证据","保持原位","目录与包级规则推断","2",""
"artifacts/generative-interview-board8/2026-08-02-repaired-candidate-v2/board8-production-first10-audit.md","板块 8｜Production 首批有效会话只读审计","976250ab4f59daddbc3d0c72b71ae13b8aaebf5636a40b33b20e10da91942e41","已跟踪","历史证据","历史证据","artifacts/generative-interview-board8/README.md","docs/generative-interview-refactor-map.md","公开证据","保留历史证据","保持原位","目录与包级规则推断","0",""
"artifacts/generative-interview-board8/2026-08-02-repaired-candidate-v2/preview-execution-evidence.md","板块 8｜修复后候选 v2 Preview 执行证据","8b82af5931dfccaa8206873b1a2f0c1b13f437b59406b0122609865d07dcde2a","已跟踪","历史证据","历史证据","artifacts/generative-interview-board8/README.md","docs/generative-interview-refactor-map.md","公开脱敏证据","保留历史证据","保持原位","目录与包级规则推断","3",""
"artifacts/generative-interview-board8/2026-08-02-repaired-candidate/board8-production-first10-audit.md","板块 8｜Production 首批有效会话只读审计","dd8530d3e30553ff3569e7d5a18acda970a6b0b61dafac8957be0d747e4c74cd","已跟踪","历史证据","历史证据","artifacts/generative-interview-board8/README.md","docs/generative-interview-refactor-map.md","公开证据","保留历史证据","保持原位","目录与包级规则推断","0",""
"artifacts/generative-interview-board8/2026-08-02-repaired-candidate/preview-execution-evidence.md","板块 8｜修复后候选 Preview 执行证据","db9502b95427d814a6f36b0724886979f3a64d04f2e21d83a918b4e525ea1640","已跟踪","历史证据","历史证据","artifacts/generative-interview-board8/README.md","docs/generative-interview-refactor-map.md","公开脱敏证据","保留历史证据","保持原位","目录与包级规则推断","2",""
"artifacts/generative-interview-board8/2026-08-03-gi056-candidate/board8-preview-candidate-audit.md","板块 8｜Preview 候选只读审计","2c21428b13071a7e048cd9f6bb70970c1c8bbea87eaea997472a900b81adcf6e","已跟踪","历史证据","历史证据","artifacts/generative-interview-board8/README.md","docs/generative-interview-refactor-map.md","公开脱敏证据","保留历史证据","保持原位","目录与包级规则推断","0",""
"artifacts/generative-interview-board8/2026-08-03-gi056-candidate/candidate-lineage.md","GI-056｜2026-08-03 独立 Preview 候选血缘与裁决","7d99a4de3ca3a7ed7b81f7dc845c275609048e5357ccbedd9096148c8fcc183b","已跟踪","历史证据","历史证据","artifacts/generative-interview-board8/README.md","docs/generative-interview-refactor-map.md","公开证据","保留历史证据","保持原位","目录与包级规则推断","0",""
"artifacts/generative-interview-board8/2026-08-03-gi057-candidate/board8-preview-candidate-audit.md","板块 8｜Preview 候选只读审计","7a3aa80b5375a80fdc6e3ca11ff2a43d2bee879ecaca3242eaa29b43c7efe62f","已跟踪","历史证据","历史证据","artifacts/generative-interview-board8/README.md","docs/generative-interview-refactor-map.md","公开脱敏证据","保留历史证据","保持原位","目录与包级规则推断","0",""
"artifacts/generative-interview-board8/2026-08-03-gi057-candidate/candidate-lineage.md","GI-057｜候选血缘与 Preview 执行状态","8470ae1ea695a2b745f1b6d73b587bd0c36d0c5f7de1d1e905364d5a1e4bbf1c","已跟踪","历史证据","历史证据","artifacts/generative-interview-board8/README.md","docs/generative-interview-refactor-map.md","公开证据","保留历史证据","保持原位","目录与包级规则推断","3",""
"artifacts/generative-interview-board8/2026-08-03-gi057-candidate/preview-blocked.md","GI-057｜独立 Preview 阻塞记录","e1a07e2233d8e2c8aecdd2059915cf70cf259b6ec6d5a7c8f0dd18f86ae7e242","已跟踪","历史证据","历史证据","artifacts/generative-interview-board8/README.md","docs/generative-interview-refactor-map.md","公开脱敏证据","保留历史证据","保持原位","目录与包级规则推断","0",""
"artifacts/generative-interview-board8/2026-08-03-gi057-candidate/preview-execution-evidence.md","GI-057｜独立 Preview 脱敏执行证据","62fb555a59f8201b4dfb2c2787fec6f7edee848940ba35cdc62c74cf171dcc64","已跟踪","历史证据","历史证据","artifacts/generative-interview-board8/README.md","docs/generative-interview-refactor-map.md","公开脱敏证据","保留历史证据","保持原位","目录与包级规则推断","0",""
"artifacts/generative-interview-board8/2026-08-03-gi058-candidate/board8-preview-candidate-audit.md","板块 8｜Preview 候选只读审计","715371053910d6e8fb3aabe5c3a68492133566bcfdbbabd30373ea62cff6f806","已跟踪","历史证据","历史证据","artifacts/generative-interview-board8/README.md","docs/generative-interview-refactor-map.md","公开脱敏证据","保留历史证据","保持原位","目录与包级规则推断","0",""
"artifacts/generative-interview-board8/2026-08-03-gi058-candidate/candidate-lineage.md","GI-058 候选血缘与 Preview 状态","abef9055107cc010667d67a16a4fb8dabefe5f5581c403dda77afe879f02d2ad","已跟踪","历史证据","历史证据","artifacts/generative-interview-board8/README.md","docs/generative-interview-refactor-map.md","公开证据","保留历史证据","保持原位","目录与包级规则推断","4",""
"artifacts/generative-interview-board8/2026-08-03-gi058-candidate/preview-execution-evidence.md","GI-058 独立 Preview 执行证据","945a8499fefb4c9b466b66984851af694a7060600a969442613d5d5b105aed4c","已跟踪","历史证据","历史证据","artifacts/generative-interview-board8/README.md","docs/generative-interview-refactor-map.md","公开脱敏证据","保留历史证据","保持原位","目录与包级规则推断","0",""
"artifacts/generative-interview-board8/2026-08-03-gi058-candidate/provider-preflight.md","GI-058 Provider 事实校准与预检记录","508f865af1ae6235ddf6cef6826f7e99bf9499553330fb2cad5399ff80dd967a","已跟踪","历史证据","历史证据","artifacts/generative-interview-board8/README.md","docs/generative-interview-refactor-map.md","公开证据","保留历史证据","保持原位","目录与包级规则推断","0",""
"artifacts/generative-interview-board8/2026-08-03-gi058-deepseek-official-preview-v3-feeling2-direct-probe/preview-execution-evidence.md","板块 8｜GI-058 官方 DeepSeek 独立 Preview 执行证据","a9905d68cdfa202ac10a2271fe8cdc5dfb61da4cdd7a4fcbd4fa0381db0d7b62","已跟踪","历史证据","历史证据","artifacts/generative-interview-board8/README.md","docs/generative-interview-refactor-map.md","公开脱敏证据","保留历史证据","保持原位","目录与包级规则推断","0",""
"artifacts/generative-interview-board8/2026-08-03-gi058-deepseek-official-preview-v4-feeling2-closed-probe/preview-execution-evidence.md","板块 8｜GI-058 官方 DeepSeek 独立 Preview 执行证据","7b5737ce6bbc421f240c86b843f5e269dd07077a5e168ecc8548c3c15bc5729f","已跟踪","历史证据","历史证据","artifacts/generative-interview-board8/README.md","docs/generative-interview-refactor-map.md","公开脱敏证据","保留历史证据","保持原位","目录与包级规则推断","0",""
"artifacts/generative-interview-board8/2026-08-03-gi058-deepseek-official-preview-v5-feeling2-closed-retry/preview-execution-evidence.md","板块 8｜GI-058 官方 DeepSeek 独立 Preview 执行证据","61e2eefea7aa4d7f1148c9743a69590cbbad7c19376da5f24e989607d23426b1","已跟踪","历史证据","历史证据","artifacts/generative-interview-board8/README.md","docs/generative-interview-refactor-map.md","公开脱敏证据","保留历史证据","保持原位","目录与包级规则推断","0",""
"artifacts/generative-interview-board8/2026-08-03-gi058-deepseek-official-preview-v6-feeling2-official-key/preview-execution-evidence.md","板块 8｜GI-058 官方 DeepSeek 独立 Preview 执行证据","d98e7e38e9a21eb1801b015024c3f14c974aac7efe55862cead1b815fddf5fe6","已跟踪","历史证据","历史证据","artifacts/generative-interview-board8/README.md","docs/generative-interview-refactor-map.md","公开脱敏证据","保留历史证据","保持原位","目录与包级规则推断","0",""
"artifacts/generative-interview-board8/2026-08-03-gi058-deepseek-official-preview-v7-feeling2-pooled/preview-execution-evidence.md","板块 8｜GI-058 官方 DeepSeek 独立 Preview 执行证据","49fcf7e8c12841c6eae6e1e56ba475528ccdec015f3d776055d4813b6c07d73e","已跟踪","历史证据","历史证据","artifacts/generative-interview-board8/README.md","docs/generative-interview-refactor-map.md","公开脱敏证据","保留历史证据","保持原位","目录与包级规则推断","0",""
"artifacts/generative-interview-board8/2026-08-03-gi058-deepseek-official-preview-v9-feeling2-unified-boundary/preview-execution-evidence.md","板块 8｜GI-058 官方 DeepSeek 独立 Preview 执行证据","cf099b6d3440bf026b9644e2c60ece51a428eb074a9c3c9c4f0d8bf94fc8ce5e","已跟踪","历史证据","历史证据","artifacts/generative-interview-board8/README.md","docs/generative-interview-refactor-map.md","公开脱敏证据","保留历史证据","保持原位","目录与包级规则推断","0",""
"artifacts/generative-interview-board8/2026-08-03-gi058-deepseek-official-preview/interrupted-partial-audit/board8-preview-candidate-audit.md","板块 8｜Preview 候选只读审计","6ae01b1283baf6d634091623f04d39113236b9ffa2238a63e47a35c01c063439","已跟踪","历史证据","历史证据","artifacts/generative-interview-board8/README.md","docs/generative-interview-refactor-map.md","公开脱敏证据","保留历史证据","保持原位","目录与包级规则推断","0",""
"artifacts/generative-interview-board8/2026-08-03-gi058-local-preview-v10-feeling2-unified-boundary/preview-execution-evidence.md","板块 8｜GI-058 官方 DeepSeek 独立 Preview 执行证据","074c141c00d1975d1d557d84a32068596ee33cd1d0ebbffe9a04092ca507c569","已跟踪","历史证据","历史证据","artifacts/generative-interview-board8/README.md","docs/generative-interview-refactor-map.md","公开脱敏证据","保留历史证据","保持原位","目录与包级规则推断","0",""
"artifacts/generative-interview-board8/2026-08-03-gi058-local-preview-v11-full-8-plus-2/preview-execution-evidence.md","板块 8｜GI-058 官方 DeepSeek 独立 Preview 执行证据","36c9a6f5cbb1f9e0bd1e98b0a80f493616800c498cd4d6760a58e5ee6b89bea1","已跟踪","历史证据","历史证据","artifacts/generative-interview-board8/README.md","docs/generative-interview-refactor-map.md","公开脱敏证据","保留历史证据","保持原位","目录与包级规则推断","0",""
"artifacts/generative-interview-board8/2026-08-03-gi058-local-preview-v12-action1-focus-reaction-repair/preview-execution-evidence.md","板块 8｜GI-058 官方 DeepSeek 独立 Preview 执行证据","4453cccad32ec34ddc8e842efb99f1834e7fd8563b88c4a5caaa0407a2a99372","已跟踪","历史证据","历史证据","artifacts/generative-interview-board8/README.md","docs/generative-interview-refactor-map.md","公开脱敏证据","保留历史证据","保持原位","目录与包级规则推断","0",""
"artifacts/generative-interview-board8/2026-08-03-gi058-local-preview-v12-action2-entry-repair/preview-execution-evidence.md","板块 8｜GI-058 官方 DeepSeek 独立 Preview 执行证据","4606be3b3f4ad00534be2a983675fd0c92b3cb64e42b56c7e01cb5fa675ea75d","已跟踪","历史证据","历史证据","artifacts/generative-interview-board8/README.md","docs/generative-interview-refactor-map.md","公开脱敏证据","保留历史证据","保持原位","目录与包级规则推断","0",""
"artifacts/generative-interview-board8/2026-08-03-gi058-local-preview-v12-thought2-entry-repair/preview-execution-evidence.md","板块 8｜GI-058 官方 DeepSeek 独立 Preview 执行证据","d788f57f03d6b05a90e13b58c440033b77a3e263d137084269875351d70bc4e5","已跟踪","历史证据","历史证据","artifacts/generative-interview-board8/README.md","docs/generative-interview-refactor-map.md","公开脱敏证据","保留历史证据","保持原位","目录与包级规则推断","0",""
"artifacts/generative-interview-board8/2026-08-03-gi058-local-preview-v13-action2-deep-runner/preview-execution-evidence.md","板块 8｜GI-058 官方 DeepSeek 独立 Preview 执行证据","3f58b87dfee524e6230335a4dc6af4371f7b10aaef6707f6c531ab63e5b8068e","已跟踪","历史证据","历史证据","artifacts/generative-interview-board8/README.md","docs/generative-interview-refactor-map.md","公开脱敏证据","保留历史证据","保持原位","目录与包级规则推断","0",""
"artifacts/generative-interview-board8/2026-08-03-gi058-local-preview-v13-relationship2-closed-runner/preview-execution-evidence.md","板块 8｜GI-058 官方 DeepSeek 独立 Preview 执行证据","cd327404b7694d1f87bd5b32e82428dfc07647b4b69b611b3f4510ac4bdc3980","已跟踪","历史证据","历史证据","artifacts/generative-interview-board8/README.md","docs/generative-interview-refactor-map.md","公开脱敏证据","保留历史证据","保持原位","目录与包级规则推断","0",""
"artifacts/generative-interview-board8/2026-08-03-gi058-local-preview-v13-thought2-deep-runner/preview-execution-evidence.md","板块 8｜GI-058 官方 DeepSeek 独立 Preview 执行证据","f65c073d80b8427a9bb1f468994e02e7c80e1ab18037b9982d5dfb9aa69bebba","已跟踪","历史证据","历史证据","artifacts/generative-interview-board8/README.md","docs/generative-interview-refactor-map.md","公开脱敏证据","保留历史证据","保持原位","目录与包级规则推断","0",""
"artifacts/generative-interview-board8/2026-08-03-gi058-local-preview-v14-relationship2-deep-angle-repair/preview-execution-evidence.md","板块 8｜GI-058 官方 DeepSeek 独立 Preview 执行证据","bc7193103804a0d7f329203380b754683f98034d523263adc6794b4aeef9f321","已跟踪","历史证据","历史证据","artifacts/generative-interview-board8/README.md","docs/generative-interview-refactor-map.md","公开脱敏证据","保留历史证据","保持原位","目录与包级规则推断","0",""
"artifacts/generative-interview-board8/2026-08-03-gi058-local-preview-v15-relationship2-fallback-context-repair/preview-execution-evidence.md","板块 8｜GI-058 官方 DeepSeek 独立 Preview 执行证据","13f6af3ff535a9513d0e16ffb0e2b4b94497fe218285c5487daa6e9b2c7980fc","已跟踪","历史证据","历史证据","artifacts/generative-interview-board8/README.md","docs/generative-interview-refactor-map.md","公开脱敏证据","保留历史证据","保持原位","目录与包级规则推断","0",""
"artifacts/generative-interview-board8/2026-08-03-gi058-local-preview-v16-strategy-5-54-full-8-plus-2/preview-execution-evidence.md","板块 8｜GI-058 官方 DeepSeek 独立 Preview 执行证据","e1fa805389fb725938c1cdbcfd1ad17ced3fd2d236f309e79abdc6b8c984a259","已跟踪","历史证据","历史证据","artifacts/generative-interview-board8/README.md","docs/generative-interview-refactor-map.md","公开脱敏证据","保留历史证据","保持原位","目录与包级规则推断","0",""
"artifacts/generative-interview-board8/2026-08-03-gi058-local-preview-v17-action2-deep-fixture-repair/preview-execution-evidence.md","板块 8｜GI-058 官方 DeepSeek 独立 Preview 执行证据","ea62375277d56532575b93e2e63a0d144ff0e127c8029681a3c20b12249a36e6","已跟踪","历史证据","历史证据","artifacts/generative-interview-board8/README.md","docs/generative-interview-refactor-map.md","公开脱敏证据","保留历史证据","保持原位","目录与包级规则推断","0",""
"artifacts/generative-interview-board8/2026-08-03-gi058-local-preview-v17-thought1-correction-repair/preview-execution-evidence.md","板块 8｜GI-058 官方 DeepSeek 独立 Preview 执行证据","98d809b5cd13367cb8a37015b1e040e754e8ac3a31da9425e198a4970cd1eadc","已跟踪","历史证据","历史证据","artifacts/generative-interview-board8/README.md","docs/generative-interview-refactor-map.md","公开脱敏证据","保留历史证据","保持原位","目录与包级规则推断","0",""
"artifacts/generative-interview-board8/2026-08-03-gi058-local-preview-v18-candidate-5-55-action1/preview-execution-evidence.md","板块 8｜GI-058 官方 DeepSeek 独立 Preview 执行证据","5d821f602e0c9c16c641d0f69c1a7ab72d5a311d83dd6b57bca852426a45d15e","已跟踪","历史证据","历史证据","artifacts/generative-interview-board8/README.md","docs/generative-interview-refactor-map.md","公开脱敏证据","保留历史证据","保持原位","目录与包级规则推断","0",""
"artifacts/generative-interview-board8/2026-08-03-gi058-local-preview-v18-candidate-5-55-feeling1-plus-smokes/preview-execution-evidence.md","板块 8｜GI-058 官方 DeepSeek 独立 Preview 执行证据","a0a20f539f5a4168d41b70a8e625287d747596b97de98ae692b0338f6805e493","已跟踪","历史证据","历史证据","artifacts/generative-interview-board8/README.md","docs/generative-interview-refactor-map.md","公开脱敏证据","保留历史证据","保持原位","目录与包级规则推断","0",""
"artifacts/generative-interview-board8/2026-08-03-gi058-local-preview-v18-candidate-5-55-feeling2/preview-execution-evidence.md","板块 8｜GI-058 官方 DeepSeek 独立 Preview 执行证据","d51b8dd824c9f8efc441114f6ac6c1af01516c037ab452d98d869b6f2e8e34d1","已跟踪","历史证据","历史证据","artifacts/generative-interview-board8/README.md","docs/generative-interview-refactor-map.md","公开脱敏证据","保留历史证据","保持原位","目录与包级规则推断","0",""
"artifacts/generative-interview-board8/2026-08-03-gi058-local-preview-v18-candidate-5-55-relationship1/preview-execution-evidence.md","板块 8｜GI-058 官方 DeepSeek 独立 Preview 执行证据","77c855fd74b3625888eae1f8942671d0fb0688134312f179b5b0dc447a923a27","已跟踪","历史证据","历史证据","artifacts/generative-interview-board8/README.md","docs/generative-interview-refactor-map.md","公开脱敏证据","保留历史证据","保持原位","目录与包级规则推断","0",""
"artifacts/generative-interview-board8/2026-08-03-gi058-local-preview-v18-candidate-5-55-relationship2/preview-execution-evidence.md","板块 8｜GI-058 官方 DeepSeek 独立 Preview 执行证据","5d7a41c93a88f08ffbeb10462a7e8c1b0eac04eb18389e9a163c9de9ef70756d","已跟踪","历史证据","历史证据","artifacts/generative-interview-board8/README.md","docs/generative-interview-refactor-map.md","公开脱敏证据","保留历史证据","保持原位","目录与包级规则推断","0",""
"artifacts/generative-interview-board8/2026-08-03-gi058-local-preview-v18-candidate-5-55-thought2/preview-execution-evidence.md","板块 8｜GI-058 官方 DeepSeek 独立 Preview 执行证据","e7e311b7e3bc877b85ca706e7315cfc305e494258950c8f2576c9f02094c6c3c","已跟踪","历史证据","历史证据","artifacts/generative-interview-board8/README.md","docs/generative-interview-refactor-map.md","公开脱敏证据","保留历史证据","保持原位","目录与包级规则推断","0",""
"artifacts/generative-interview-board8/2026-08-03-gi058-local-preview-v19-candidate-5-55-consolidated/board8-preview-candidate-audit.md","板块 8｜Preview 候选只读审计","258cdc9892ad5a6ab42b0488b99ac95053c1c1d5ff77230de9fd4028f196cf2a","已跟踪","历史证据","历史证据","artifacts/generative-interview-board8/README.md","docs/generative-interview-refactor-map.md","公开脱敏证据","保留历史证据","保持原位","目录与包级规则推断","0",""
"artifacts/generative-interview-board8/2026-08-03-gi058-local-preview-v20-candidate-5-56-action1/preview-execution-evidence.md","板块 8｜GI-058 官方 DeepSeek 独立 Preview 执行证据","54cacdfcf1258f096e43d53a0a5dac44fcf8c32e4abc9b81f8ac34bae862cbff","已跟踪","历史证据","历史证据","artifacts/generative-interview-board8/README.md","docs/generative-interview-refactor-map.md","公开脱敏证据","保留历史证据","保持原位","目录与包级规则推断","0",""
"artifacts/generative-interview-board8/2026-08-03-gi058-local-preview-v20-candidate-5-56-action2/preview-execution-evidence.md","板块 8｜GI-058 官方 DeepSeek 独立 Preview 执行证据","65f80fbad83bbc59d7c8e867e832eb524499d6b64cef9cc4a13825c0efaea03d","已跟踪","历史证据","历史证据","artifacts/generative-interview-board8/README.md","docs/generative-interview-refactor-map.md","公开脱敏证据","保留历史证据","保持原位","目录与包级规则推断","0",""
"artifacts/generative-interview-board8/2026-08-03-gi058-local-preview-v20-candidate-5-56-feeling1-plus-smokes/preview-execution-evidence.md","板块 8｜GI-058 官方 DeepSeek 独立 Preview 执行证据","812ec537e837ad60eecd08d4349901f046060b264859f6e149cd135a029188b8","已跟踪","历史证据","历史证据","artifacts/generative-interview-board8/README.md","docs/generative-interview-refactor-map.md","公开脱敏证据","保留历史证据","保持原位","目录与包级规则推断","0",""
"artifacts/generative-interview-board8/2026-08-03-gi058-local-preview-v20-candidate-5-56-feeling2/preview-execution-evidence.md","板块 8｜GI-058 官方 DeepSeek 独立 Preview 执行证据","8c704b934ff5b112b17f67eebf15e6f9946f0c148c0059579ae41023026403c4","已跟踪","历史证据","历史证据","artifacts/generative-interview-board8/README.md","docs/generative-interview-refactor-map.md","公开脱敏证据","保留历史证据","保持原位","目录与包级规则推断","0",""
"artifacts/generative-interview-board8/2026-08-03-gi058-local-preview-v20-candidate-5-56-relationship1/preview-execution-evidence.md","板块 8｜GI-058 官方 DeepSeek 独立 Preview 执行证据","5eb4f8733fd5604a50518cd75ca0dbb5b76712afb4f7e012ade418be10c811be","已跟踪","历史证据","历史证据","artifacts/generative-interview-board8/README.md","docs/generative-interview-refactor-map.md","公开脱敏证据","保留历史证据","保持原位","目录与包级规则推断","0",""
"artifacts/generative-interview-board8/2026-08-03-gi058-local-preview-v20-candidate-5-56-relationship2/preview-execution-evidence.md","板块 8｜GI-058 官方 DeepSeek 独立 Preview 执行证据","1beb44f75d6267e20dac2081d33d16fef5bac29d41d9ae15ec0073ffb2d05ae5","已跟踪","历史证据","历史证据","artifacts/generative-interview-board8/README.md","docs/generative-interview-refactor-map.md","公开脱敏证据","保留历史证据","保持原位","目录与包级规则推断","0",""
"artifacts/generative-interview-board8/2026-08-03-gi058-local-preview-v20-candidate-5-56-thought1/preview-execution-evidence.md","板块 8｜GI-058 官方 DeepSeek 独立 Preview 执行证据","a5399d0995bb474d5f63ece58ac1d97875fc329cd0f39444c7de32a355b432cd","已跟踪","历史证据","历史证据","artifacts/generative-interview-board8/README.md","docs/generative-interview-refactor-map.md","公开脱敏证据","保留历史证据","保持原位","目录与包级规则推断","0",""
"artifacts/generative-interview-board8/2026-08-03-gi058-local-preview-v20-candidate-5-56-thought2/preview-execution-evidence.md","板块 8｜GI-058 官方 DeepSeek 独立 Preview 执行证据","d4e6c6ab004078e557f06813f2fa2e3a3b0cdeb06f40271c0178ee5103cc0801","已跟踪","历史证据","历史证据","artifacts/generative-interview-board8/README.md","docs/generative-interview-refactor-map.md","公开脱敏证据","保留历史证据","保持原位","目录与包级规则推断","0",""
"artifacts/generative-interview-board8/2026-08-03-gi058-local-preview-v21-candidate-5-56-action2-retry/preview-execution-evidence.md","板块 8｜GI-058 官方 DeepSeek 独立 Preview 执行证据","2275377c44a97f3aad71de9cf860be44f649d3d63926f2106612fb334f330269","已跟踪","历史证据","历史证据","artifacts/generative-interview-board8/README.md","docs/generative-interview-refactor-map.md","公开脱敏证据","保留历史证据","保持原位","目录与包级规则推断","0",""
"artifacts/generative-interview-board8/2026-08-03-gi058-local-preview-v21-candidate-5-56-consolidated/board8-preview-candidate-audit.md","板块 8｜Preview 候选只读审计","c492e014e355b8eeaa2bb573279e7e460fd90590cf8fa5d4a07406dd116a5d15","已跟踪","历史证据","历史证据","artifacts/generative-interview-board8/README.md","docs/generative-interview-refactor-map.md","公开脱敏证据","保留历史证据","保持原位","目录与包级规则推断","0",""
"artifacts/generative-interview-board8/2026-08-03-gi058-local-preview-v21-candidate-5-56-consolidated/candidate-lineage.md","GI-058｜DeepSeek 官方 API 候选血缘","e9867546e0ab990d51fb807c867f81de04533e2dbc1015edb75d65eca4d00b71","已跟踪","历史证据","历史证据","artifacts/generative-interview-board8/README.md","docs/generative-interview-refactor-map.md","公开脱敏证据","保留历史证据","保持原位","目录与包级规则推断","5",""
"artifacts/generative-interview-board8/2026-08-03-gi058-local-preview-v21-candidate-5-56-consolidated/preview-execution-evidence.md","板块 8｜GI-058 DeepSeek 官方 API 独立 Preview 执行证据","05a1aff7056b3c9a5a8f07a55cdff86cd1596b1fda379a0353f346ace7a193cc","已跟踪","历史证据","历史证据","artifacts/generative-interview-board8/README.md","docs/generative-interview-refactor-map.md","公开脱敏证据","保留历史证据","保持原位","目录与包级规则推断","0",""
"artifacts/generative-interview-board8/2026-08-03-gi058-local-preview-v21-candidate-5-56-consolidated/provider-preflight.md","GI-058｜DeepSeek 官方 API 前置检查","94f802f56de455d7ae06526e18b7916cbe0cffc321a5c5314165fb370183fdcb","已跟踪","历史证据","历史证据","artifacts/generative-interview-board8/README.md","docs/generative-interview-refactor-map.md","公开脱敏证据","保留历史证据","保持原位","目录与包级规则推断","0",""
"artifacts/generative-interview-board8/2026-08-03-gi059-action2-official-precheck-r5/preview-execution-evidence.md","板块 8｜GI-059 脚本化模拟官方 DeepSeek 独立 Preview 执行证据","a825c0ba7ada3ea28a924e1d96925bd053ffd769a0337a19460d3ba358886d90","已跟踪","历史证据","历史证据","artifacts/generative-interview-board8/README.md","docs/generative-interview-refactor-map.md","公开脱敏证据","保留历史证据","保持原位","目录与包级规则推断","0",""
"artifacts/generative-interview-board8/2026-08-03-gi059-official-precheck-feeling1-r2/preview-execution-evidence.md","板块 8｜GI-059 脚本化模拟官方 DeepSeek 独立 Preview 执行证据","591fc8b33c88bd3c0c9238f2987ee969277f9d9a757757787ea3249e6940ab44","已跟踪","历史证据","历史证据","artifacts/generative-interview-board8/README.md","docs/generative-interview-refactor-map.md","公开脱敏证据","保留历史证据","保持原位","目录与包级规则推断","0",""
"artifacts/generative-interview-board8/2026-08-03-gi059-official-precheck-feeling1/preview-execution-evidence.md","板块 8｜GI-059 脚本化模拟官方 DeepSeek 独立 Preview 执行证据","881b666040dad4a0d82199d13d8bc72f7062231c36a1a682cc9eb834ee920837","已跟踪","历史证据","历史证据","artifacts/generative-interview-board8/README.md","docs/generative-interview-refactor-map.md","公开脱敏证据","保留历史证据","保持原位","目录与包级规则推断","0",""
"artifacts/generative-interview-board8/2026-08-03-gi059-scripted-deepseek-official-preview-r2/preview-execution-evidence.md","板块 8｜GI-059 脚本化模拟官方 DeepSeek 独立 Preview 执行证据","aaebd26e25322193baaf3264fbb0592d7414a4198f8302ae3569b5fb4710c9b7","已跟踪","历史证据","历史证据","artifacts/generative-interview-board8/README.md","docs/generative-interview-refactor-map.md","公开脱敏证据","保留历史证据","保持原位","目录与包级规则推断","0",""
"artifacts/generative-interview-board8/2026-08-03-gi059-scripted-deepseek-official-preview-r3/preview-execution-evidence.md","板块 8｜GI-059 脚本化模拟官方 DeepSeek 独立 Preview 执行证据","aa06ba85bb87ee63d2b076685f9964e07ea63d6f28f7093e759f3385f32a12f4","已跟踪","历史证据","历史证据","artifacts/generative-interview-board8/README.md","docs/generative-interview-refactor-map.md","公开脱敏证据","保留历史证据","保持原位","目录与包级规则推断","0",""
"artifacts/generative-interview-board8/2026-08-03-gi059-scripted-deepseek-official-preview-r4/board8-preview-candidate-audit.md","板块 8｜Preview 候选只读审计","1afb639ded695a378923a0ca2076f7f8190f64d3f7e9d1c4de1960437f5cc39a","已跟踪","历史证据","历史证据","artifacts/generative-interview-board8/README.md","docs/generative-interview-refactor-map.md","公开脱敏证据","保留历史证据","保持原位","目录与包级规则推断","0",""
"artifacts/generative-interview-board8/2026-08-03-gi059-scripted-deepseek-official-preview-r4/preview-execution-evidence.md","板块 8｜GI-059 脚本化模拟官方 DeepSeek 独立 Preview 执行证据","ff0cb65ba1184debe52a9e799b8f4e831eb587fb2986750ea9233346f89b5564","已跟踪","历史证据","历史证据","artifacts/generative-interview-board8/README.md","docs/generative-interview-refactor-map.md","公开脱敏证据","保留历史证据","保持原位","目录与包级规则推断","0",""
"artifacts/generative-interview-board8/2026-08-03-gi059-scripted-deepseek-official-preview/preview-execution-evidence.md","板块 8｜GI-059 脚本化模拟官方 DeepSeek 独立 Preview 执行证据","75e9fe6cf19333e99066139e44d4c84d4ae0629ff796e4821f18029771ab172f","已跟踪","历史证据","历史证据","artifacts/generative-interview-board8/README.md","docs/generative-interview-refactor-map.md","公开脱敏证据","保留历史证据","保持原位","目录与包级规则推断","0",""
"artifacts/generative-interview-board8/2026-08-03-gi059-thought2-official-precheck-r4/preview-execution-evidence.md","板块 8｜GI-059 脚本化模拟官方 DeepSeek 独立 Preview 执行证据","236315f212d70786d3d63ecf071abebebb10f66414addffbdbd5eca3d8b9c020","已跟踪","历史证据","历史证据","artifacts/generative-interview-board8/README.md","docs/generative-interview-refactor-map.md","公开脱敏证据","保留历史证据","保持原位","目录与包级规则推断","0",""
"artifacts/generative-interview-board8/2026-08-03-gi059-thought2-official-precheck-r5/preview-execution-evidence.md","板块 8｜GI-059 脚本化模拟官方 DeepSeek 独立 Preview 执行证据","e21e3ee04cccfe6430f7c55dcf286790876f6d8556717ff547e8286d8a510ab2","已跟踪","历史证据","历史证据","artifacts/generative-interview-board8/README.md","docs/generative-interview-refactor-map.md","公开脱敏证据","保留历史证据","保持原位","目录与包级规则推断","0",""
"artifacts/generative-interview-board8/2026-08-04-gi060-official-preflight/preview-execution-evidence.md","板块 8｜GI-060 脚本化模拟官方 DeepSeek 独立 Preview 执行证据","6edc5af11051a75adcd79212db975d0c8538c61056586e7b17909397a1601632","已跟踪","历史证据","历史证据","artifacts/generative-interview-board8/README.md","docs/generative-interview-refactor-map.md","公开脱敏证据","保留历史证据","保持原位","目录与包级规则推断","0",""
"artifacts/generative-interview-board8/2026-08-04-gi060-scripted-deepseek-official-preview-r1/board8-audit/board8-preview-candidate-audit.md","板块 8｜Preview 候选只读审计","ba3266486a4b4f1d541c7cb1c0fd38a0f29e2c31c17d7694ce7ab049af43cc45","已跟踪","历史证据","历史证据","artifacts/generative-interview-board8/README.md","docs/generative-interview-refactor-map.md","公开脱敏证据","保留历史证据","保持原位","目录与包级规则推断","0",""
"artifacts/generative-interview-board8/2026-08-04-gi060-scripted-deepseek-official-preview-r1/preview-execution-evidence.md","板块 8｜GI-060 脚本化模拟官方 DeepSeek 独立 Preview 执行证据","3ac168b18a460e3c09e7203823d5ba7d0ba8797ac42ae63c07c3496b31c27713","已跟踪","历史证据","历史证据","artifacts/generative-interview-board8/README.md","docs/generative-interview-refactor-map.md","公开脱敏证据","保留历史证据","保持原位","目录与包级规则推断","0",""
"artifacts/generative-interview-board8/2026-08-04-gi061-official-preflight-feeling2/board8-audit/board8-preview-candidate-audit.md","板块 8｜Preview 候选只读审计","719e3bb876fe6d81e208d65ce0739441be3dc5f7cb89ec3d6302caf84fd09511","已跟踪","历史证据","历史证据","artifacts/generative-interview-board8/README.md","docs/generative-interview-refactor-map.md","公开脱敏证据","保留历史证据","保持原位","目录与包级规则推断","0",""
"artifacts/generative-interview-board8/2026-08-04-gi061-official-preflight-feeling2/preview-execution-evidence.md","板块 8｜GI-061 脚本化模拟官方 DeepSeek 独立 Preview 执行证据","9f72f7d3890609fb40e4d0471b09cffb0f69acc2767c89a34e67d2c746beb71f","已跟踪","历史证据","历史证据","artifacts/generative-interview-board8/README.md","docs/generative-interview-refactor-map.md","公开脱敏证据","保留历史证据","保持原位","目录与包级规则推断","0",""
"artifacts/generative-interview-board8/2026-08-04-gi062-official-preflight-feeling2-r2/board8-audit/board8-preview-candidate-audit.md","板块 8｜Preview 候选只读审计","70aeffd75a628d3af10da3631993ca9c14f5cc7c3a47615db3c0a33e22b019ed","已跟踪","历史证据","历史证据","artifacts/generative-interview-board8/README.md","docs/generative-interview-refactor-map.md","公开脱敏证据","保留历史证据","保持原位","目录与包级规则推断","0",""
"artifacts/generative-interview-board8/2026-08-04-gi062-official-preflight-feeling2-r2/preview-execution-evidence.md","板块 8｜GI-062 脚本化模拟官方 DeepSeek 独立 Preview 执行证据","01bcd33a2046867a7b603bc67957dde29af14cd38da4352c0b36ef2a709febaf","已跟踪","历史证据","历史证据","artifacts/generative-interview-board8/README.md","docs/generative-interview-refactor-map.md","公开脱敏证据","保留历史证据","保持原位","目录与包级规则推断","0",""
"artifacts/generative-interview-board8/2026-08-04-gi062-official-preflight-feeling2/preview-execution-evidence.md","板块 8｜GI-062 脚本化模拟官方 DeepSeek 独立 Preview 执行证据","765df89d51ef397be412972ce84782f643965bc0b0d0b480a45edc911821a440","已跟踪","历史证据","历史证据","artifacts/generative-interview-board8/README.md","docs/generative-interview-refactor-map.md","公开脱敏证据","保留历史证据","保持原位","目录与包级规则推断","0",""
"artifacts/generative-interview-board8/2026-08-04-gi063-official-preflight-feeling2/board8-audit/board8-preview-candidate-audit.md","板块 8｜Preview 候选只读审计","f25921f989e195a9cca6f9631258c1dd1d83a1f9825302c27eb5583d07c25e82","已跟踪","历史证据","历史证据","artifacts/generative-interview-board8/README.md","docs/generative-interview-refactor-map.md","公开脱敏证据","保留历史证据","保持原位","目录与包级规则推断","0",""
"artifacts/generative-interview-board8/2026-08-04-gi063-official-preflight-feeling2/preview-execution-evidence.md","板块 8｜GI-063 脚本化模拟官方 DeepSeek 独立 Preview 执行证据","11cefafeb88a7108a142435dab545399b212aaeb088c8bc56c3eb603e4954b93","已跟踪","历史证据","历史证据","artifacts/generative-interview-board8/README.md","docs/generative-interview-refactor-map.md","公开脱敏证据","保留历史证据","保持原位","目录与包级规则推断","0",""
"artifacts/generative-interview-board8/2026-08-04-gi064-official-preflight-feeling2/board8-audit/board8-preview-candidate-audit.md","板块 8｜Preview 候选只读审计","08bce027f0ebf5923cba56bf85006fc15d536a54319500e3fce6fc82e5a67b6e","已跟踪","历史证据","历史证据","artifacts/generative-interview-board8/README.md","docs/generative-interview-refactor-map.md","公开脱敏证据","保留历史证据","保持原位","目录与包级规则推断","0",""
"artifacts/generative-interview-board8/2026-08-04-gi064-official-preflight-feeling2/preview-execution-evidence.md","板块 8｜GI-064 脚本化模拟官方 DeepSeek 独立 Preview 执行证据","1a93c74626b18f2e0ee710425df2aaab10edabce420906e0733216caadf4f7b4","已跟踪","历史证据","历史证据","artifacts/generative-interview-board8/README.md","docs/generative-interview-refactor-map.md","公开脱敏证据","保留历史证据","保持原位","目录与包级规则推断","0",""
"artifacts/generative-interview-board8/2026-08-04-gi064-official-preflight-relationship2-r2/preview-execution-evidence.md","板块 8｜GI-064 脚本化模拟官方 DeepSeek 独立 Preview 执行证据","ff72b3402337f51faee322290a8f4111679f3f7d1fc665e9dff3cd8858337cdb","已跟踪","历史证据","历史证据","artifacts/generative-interview-board8/README.md","docs/generative-interview-refactor-map.md","公开脱敏证据","保留历史证据","保持原位","目录与包级规则推断","0",""
"artifacts/generative-interview-board8/2026-08-04-gi064-scripted-deepseek-official-preview-r1/preview-execution-evidence.md","板块 8｜GI-064 脚本化模拟官方 DeepSeek 独立 Preview 执行证据","0d9d3ff2c94e2089aaa67462db037bdf13494d8d63c54614471cd713393dc126","已跟踪","历史证据","历史证据","artifacts/generative-interview-board8/README.md","docs/generative-interview-refactor-map.md","公开脱敏证据","保留历史证据","保持原位","目录与包级规则推断","0",""
"artifacts/generative-interview-board8/2026-08-04-gi064-scripted-deepseek-official-preview-r2/board8-audit/board8-preview-candidate-audit.md","板块 8｜Preview 候选只读审计","5d240cd792becbe7dcf86cdf33724c97e043174921ae768b1b90f541017e5409","已跟踪","历史证据","历史证据","artifacts/generative-interview-board8/README.md","docs/generative-interview-refactor-map.md","公开脱敏证据","保留历史证据","保持原位","目录与包级规则推断","0",""
"artifacts/generative-interview-board8/2026-08-04-gi064-scripted-deepseek-official-preview-r2/candidate-lineage.md","GI-064 候选血缘","a30979dfa71050c5efb8630f29a5d6a9b12fce298e3b60583620aef8bb353a13","已跟踪","历史证据","历史证据","artifacts/generative-interview-board8/README.md","docs/generative-interview-refactor-map.md","公开脱敏证据","保留历史证据","保持原位","目录与包级规则推断","0",""
"artifacts/generative-interview-board8/2026-08-04-gi064-scripted-deepseek-official-preview-r2/preview-execution-evidence.md","板块 8｜GI-064 脚本化模拟官方 DeepSeek 独立 Preview 执行证据","cf3234629d0bd56928ed1c555effda1cbe47b0ce4fc91b6fffc479283b9ef3bd","已跟踪","历史证据","历史证据","artifacts/generative-interview-board8/README.md","docs/generative-interview-refactor-map.md","公开脱敏证据","保留历史证据","保持原位","目录与包级规则推断","0",""
"artifacts/generative-interview-board8/2026-08-04-gi066-debug-auto-dedupe/preview-execution-evidence.md","板块 8｜GI-066 单角度脚本化模拟官方 DeepSeek 独立 Preview 执行证据","ff93422eaf7cfe4a5229928acbacf3023ac27efd5a47eabcce7246d76079a0b9","已跟踪","历史证据","历史证据","artifacts/generative-interview-board8/README.md","docs/generative-interview-refactor-map.md","公开脱敏证据","保留历史证据","保持原位","目录与包级规则推断","0",""
"artifacts/generative-interview-board8/2026-08-04-gi066-debug-correction-v8/preview-execution-evidence.md","板块 8｜GI-066 单角度脚本化模拟官方 DeepSeek 独立 Preview 执行证据","7976e783b46dcbd716bea47d43914f4600334d21d874b8bdd55b7bc96b1ef3b4","已跟踪","历史证据","历史证据","artifacts/generative-interview-board8/README.md","docs/generative-interview-refactor-map.md","公开脱敏证据","保留历史证据","保持原位","目录与包级规则推断","0",""
"artifacts/generative-interview-board8/2026-08-04-gi066-fix-scripted-deepseek-official-preview-v2/board8-preview-candidate-audit.md","板块 8｜Preview 候选只读审计","84b1b794c9d8518c81840a43ea56593d6520267b99c5a4ea66cd41775bf53d53","已跟踪","历史证据","历史证据","artifacts/generative-interview-board8/README.md","docs/generative-interview-refactor-map.md","公开脱敏证据","保留历史证据","保持原位","目录与包级规则推断","0",""
"artifacts/generative-interview-board8/2026-08-04-gi066-fix-scripted-deepseek-official-preview-v2/preview-execution-evidence.md","板块 8｜GI-066 单角度脚本化模拟官方 DeepSeek 独立 Preview 执行证据","866b531f4d4e1145bc9c61afa04aa0c1730a51bac1ceaf64eb50138b5c03ad89","已跟踪","历史证据","历史证据","artifacts/generative-interview-board8/README.md","docs/generative-interview-refactor-map.md","公开脱敏证据","保留历史证据","保持原位","目录与包级规则推断","0",""
"artifacts/generative-interview-board8/2026-08-04-gi066-fix-scripted-deepseek-official-preview-v3/board8-preview-candidate-audit.md","板块 8｜Preview 候选只读审计","183a3aa2447f0491122f86e160df8353d2fa510df0e93738e1ef6980b0e7cd47","已跟踪","历史证据","历史证据","artifacts/generative-interview-board8/README.md","docs/generative-interview-refactor-map.md","公开脱敏证据","保留历史证据","保持原位","目录与包级规则推断","0",""
"artifacts/generative-interview-board8/2026-08-04-gi066-fix-scripted-deepseek-official-preview-v3/candidate-lineage.md","GI-066 第一轮人工阻断修复候选血缘","abf2e886cac4ea1177e49d4e5903a1c913e402b10cd4f5834db64ff89f298c5e","已跟踪","历史证据","历史证据","artifacts/generative-interview-board8/README.md","docs/generative-interview-refactor-map.md","公开脱敏证据","保留历史证据","保持原位","目录与包级规则推断","0",""
"artifacts/generative-interview-board8/2026-08-04-gi066-fix-scripted-deepseek-official-preview-v3/preview-execution-evidence.md","板块 8｜GI-066 单角度脚本化模拟官方 DeepSeek 独立 Preview 执行证据","f17d82c82812d76029820b791747a9d3a5f5a5dc7a2ab42d04ab8a6c4cd8f65a","已跟踪","历史证据","历史证据","artifacts/generative-interview-board8/README.md","docs/generative-interview-refactor-map.md","公开脱敏证据","保留历史证据","保持原位","目录与包级规则推断","0",""
"artifacts/generative-interview-board8/2026-08-04-gi066-fix-scripted-deepseek-official-preview-v3/provider-preflight.md","GI-066 DeepSeek 官方 Provider 前置检查","a2acd1657710edaabab5a056f3d40c04e44235317c099343511b6f7a03bf1fb8","已跟踪","历史证据","历史证据","artifacts/generative-interview-board8/README.md","docs/generative-interview-refactor-map.md","公开脱敏证据","保留历史证据","保持原位","目录与包级规则推断","0",""
"artifacts/generative-interview-board8/2026-08-04-gi066-fix-scripted-deepseek-official-preview/preview-execution-evidence.md","板块 8｜GI-066 单角度脚本化模拟官方 DeepSeek 独立 Preview 执行证据","3f778f13be0b1933b9751fbbf2184f32b89b666c12e2e232c4fce30e59a224ce","已跟踪","历史证据","历史证据","artifacts/generative-interview-board8/README.md","docs/generative-interview-refactor-map.md","公开脱敏证据","保留历史证据","保持原位","目录与包级规则推断","0",""
"artifacts/generative-interview-board8/2026-08-04-gi066-fix-targeted-second-direction/preview-execution-evidence.md","板块 8｜GI-066 单角度脚本化模拟官方 DeepSeek 独立 Preview 执行证据","bbfeaea94a2f8e5f13b8d6508ce2d5aa8dcc8491ea51c88b158429d0fc8b39c3","已跟踪","历史证据","历史证据","artifacts/generative-interview-board8/README.md","docs/generative-interview-refactor-map.md","公开脱敏证据","保留历史证据","保持原位","目录与包级规则推断","0",""
"artifacts/generative-interview-board8/2026-08-04-gi066-fix-thought-stability-pre-hard-gate/report.md","GI-066｜10×3 判断地图稳定性小门","5fdf03bb7fb27140e63ec7da0bf2e23fe9ddefdcda3b6d6e83cced76778042ec","已跟踪","历史证据","历史证据","artifacts/generative-interview-board8/README.md","docs/generative-interview-refactor-map.md","公开证据","保留历史证据","保持原位","目录与包级规则推断","0",""
"artifacts/generative-interview-board8/2026-08-04-gi066-fix-thought-stability/report.md","GI-066｜10×3 判断地图稳定性小门","607e9e5277c5256bdc891cd433ad97bf6c490c120d646a31ee6f52aaea304eee","已跟踪","历史证据","历史证据","artifacts/generative-interview-board8/README.md","docs/generative-interview-refactor-map.md","公开证据","保留历史证据","保持原位","目录与包级规则推断","0",""
"artifacts/generative-interview-board8/2026-08-04-gi066-scripted-deepseek-official-preview-v2/preview-execution-evidence.md","板块 8｜GI-066 单角度脚本化模拟官方 DeepSeek 独立 Preview 执行证据","d26346088d8a49518cd843219c34290df0dec0d8cf3588fc08d78ea8d8d2d188","已跟踪","历史证据","历史证据","artifacts/generative-interview-board8/README.md","docs/generative-interview-refactor-map.md","公开脱敏证据","保留历史证据","保持原位","目录与包级规则推断","0",""
"artifacts/generative-interview-board8/2026-08-04-gi066-scripted-deepseek-official-preview-v3/preview-execution-evidence.md","板块 8｜GI-066 单角度脚本化模拟官方 DeepSeek 独立 Preview 执行证据","8b16b0293f5e0427fa0197564690428fe0303ad5ac9cf83ccdf947f1c051446d","已跟踪","历史证据","历史证据","artifacts/generative-interview-board8/README.md","docs/generative-interview-refactor-map.md","公开脱敏证据","保留历史证据","保持原位","目录与包级规则推断","0",""
"artifacts/generative-interview-board8/2026-08-04-gi066-scripted-deepseek-official-preview-v4/preview-execution-evidence.md","板块 8｜GI-066 单角度脚本化模拟官方 DeepSeek 独立 Preview 执行证据","3c91b6e369fe676022000d041d622ae066ee4ae152b49cfd587974152b489da5","已跟踪","历史证据","历史证据","artifacts/generative-interview-board8/README.md","docs/generative-interview-refactor-map.md","公开脱敏证据","保留历史证据","保持原位","目录与包级规则推断","0",""
"artifacts/generative-interview-board8/2026-08-04-gi066-scripted-deepseek-official-preview-v5/preview-execution-evidence.md","板块 8｜GI-066 单角度脚本化模拟官方 DeepSeek 独立 Preview 执行证据","6f5b9a30e9bec8f700daba4c0b1e4a91e6ef1dbc9d1fc019229ada0a26f0d4f7","已跟踪","历史证据","历史证据","artifacts/generative-interview-board8/README.md","docs/generative-interview-refactor-map.md","公开脱敏证据","保留历史证据","保持原位","目录与包级规则推断","0",""
"artifacts/generative-interview-board8/2026-08-04-gi066-scripted-deepseek-official-preview-v6/board8-preview-candidate-audit.md","板块 8｜Preview 候选只读审计","5e8b00f95c4a327993302a931af889120b972311d83807622694e3dd7362df0b","已跟踪","历史证据","历史证据","artifacts/generative-interview-board8/README.md","docs/generative-interview-refactor-map.md","公开脱敏证据","保留历史证据","保持原位","目录与包级规则推断","0",""
"artifacts/generative-interview-board8/2026-08-04-gi066-scripted-deepseek-official-preview-v6/preview-execution-evidence.md","板块 8｜GI-066 单角度脚本化模拟官方 DeepSeek 独立 Preview 执行证据","f5305b0fe7da959a283f40b963476754defdec53e2eba2832d66ad6dd337f971","已跟踪","历史证据","历史证据","artifacts/generative-interview-board8/README.md","docs/generative-interview-refactor-map.md","公开脱敏证据","保留历史证据","保持原位","目录与包级规则推断","0",""
"artifacts/generative-interview-board8/2026-08-04-gi066-scripted-deepseek-official-preview-v7/preview-execution-evidence.md","板块 8｜GI-066 单角度脚本化模拟官方 DeepSeek 独立 Preview 执行证据","9933b45146938cd0ac1c6802025bcc5b870c94c5ed751ee8b743734cc845bef9","已跟踪","历史证据","历史证据","artifacts/generative-interview-board8/README.md","docs/generative-interview-refactor-map.md","公开脱敏证据","保留历史证据","保持原位","目录与包级规则推断","0",""
"artifacts/generative-interview-board8/2026-08-04-gi066-scripted-deepseek-official-preview-v8/board8-preview-candidate-audit.md","板块 8｜Preview 候选只读审计","455d1de92eed0e2fd3a937e56f78517b04f389100217b95fe811ccf54f676bed","已跟踪","历史证据","历史证据","artifacts/generative-interview-board8/README.md","docs/generative-interview-refactor-map.md","公开脱敏证据","保留历史证据","保持原位","目录与包级规则推断","0",""
"artifacts/generative-interview-board8/2026-08-04-gi066-scripted-deepseek-official-preview-v8/candidate-lineage.md","GI-066 冻结候选血缘","a7fb79ba1828414f55707c259ee876a0d407f3e170cce36aadd7446c5fd8d8c0","已跟踪","历史证据","历史证据","artifacts/generative-interview-board8/README.md","docs/generative-interview-refactor-map.md","公开脱敏证据","保留历史证据","保持原位","目录与包级规则推断","0",""
"artifacts/generative-interview-board8/2026-08-04-gi066-scripted-deepseek-official-preview-v8/preview-execution-evidence.md","板块 8｜GI-066 单角度脚本化模拟官方 DeepSeek 独立 Preview 执行证据","060c54f076a55a8a91ffddfb4722e95414b669cfe2c23a1e1fbb6887e734b1c2","已跟踪","历史证据","历史证据","artifacts/generative-interview-board8/README.md","docs/generative-interview-refactor-map.md","公开脱敏证据","保留历史证据","保持原位","目录与包级规则推断","0",""
"artifacts/generative-interview-board8/2026-08-04-gi066-scripted-deepseek-official-preview/preview-execution-evidence.md","板块 8｜GI-066 单角度脚本化模拟官方 DeepSeek 独立 Preview 执行证据","5dedfee3bb0c00fb46e984155777ff1f5c18fa4dd18f37f1aaf054be6de1796a","已跟踪","历史证据","历史证据","artifacts/generative-interview-board8/README.md","docs/generative-interview-refactor-map.md","公开脱敏证据","保留历史证据","保持原位","目录与包级规则推断","0",""
"artifacts/generative-interview-board8/2026-08-04-gi066-thought-stability/report.md","GI-066｜10×3 判断地图稳定性小门","3de7c8d53673a107e46fcea9feb55da02ba4a02d24d0f86c72a1619c43f133d8","已跟踪","历史证据","历史证据","artifacts/generative-interview-board8/README.md","docs/generative-interview-refactor-map.md","公开证据","保留历史证据","保持原位","目录与包级规则推断","0",""
"artifacts/generative-interview-board8/README.md","Board 8 Preview 与历史裁决资产索引","b490da076a2d2d03d7bf50ac68bc5507c99eb318b7b0e14eccf8f8d05f868566","已跟踪","历史证据","历史证据","[生成式访谈重构总 Map](../../docs/generative-interview-refactor-map.md)","docs/generative-interview-refactor-map.md","公开证据","保留历史证据","包级索引已收口","显式元数据","2",""
"artifacts/interview-nodes/node10/analysis.md","节点十：状态落库与会话恢复","139ff84678674feabfe575c705a5cb02241044f5db37bec89ff3f3055447022f","已跟踪","历史证据","历史证据","artifacts/README.md","","公开证据","保留证据","保持原位","目录与包级规则推断","0",""
"artifacts/interview-nodes/node6/analysis.md","节点六：追问目标规划","2da61b81253b69c9ac6f98284fc7f2230ee2fc612bc07f84d84f9c260103c9b2","已跟踪","历史证据","历史证据","artifacts/README.md","","公开证据","保留证据","保持原位","目录与包级规则推断","0",""
"artifacts/interview-nodes/node7/analysis.md","节点七：上下文与 Prompt 组装","41287b40ea543ef252c0c0b6665df81239c91b6f8d85d4c3223478481c0b9934","已跟踪","历史证据","历史证据","artifacts/README.md","","公开证据","保留证据","保持原位","目录与包级规则推断","0",""
"artifacts/interview-nodes/node8/analysis.md","节点八：模型生成","76c5c5acef14ee12a5e8cbf3054caf93f8d0528e3db4111ea9d837bee3d30b7b","已跟踪","历史证据","历史证据","artifacts/README.md","","公开证据","保留证据","保持原位","目录与包级规则推断","0",""
"artifacts/interview-nodes/node9/analysis.md","节点九：服务端检查与输出控制","68ebfa4413d9e1e95e312215a805b7fd689666ffe532953caa62779b3e8d95ab","已跟踪","历史证据","历史证据","artifacts/README.md","","公开证据","保留证据","保持原位","目录与包级规则推断","0",""
"artifacts/journal-generation-evaluation/README.md","日志生成离线评测与隔离评审","16e41c1a89fe3c491cd9b38732f32e9fde650c12374e558e0bc1df1bd0c77bf8","已跟踪","证据索引","现役","artifacts/journal-generation-evaluation/README.md","","公开证据","保留证据","保持原位","目录与包级规则推断","2",""
"artifacts/journal-generation-evaluation/admission-report-template.md","Daily Light 日志生成候选准入报告","ca73ae12ee221a6b2d828ad1a3e609a854fd345911b5f3a2771d60d572b7ebfa","已跟踪","历史证据","已完成","artifacts/journal-generation-evaluation/README.md","","公开证据","保留证据","保持原位","目录与包级规则推断","0",""
"artifacts/journal-generation-evaluation/flash-daily-context-v3-round-report-template.md","Flash 今日日记语境 v3 三案例评测报告","edfb0cd830a72d62f77635b1a573329ddf8d063da4b0d479437159f9ff75cf36","已跟踪","历史证据","已完成","artifacts/journal-generation-evaluation/README.md","","公开证据","保留证据","保持原位","目录与包级规则推断","0",""
"artifacts/journal-generation-evaluation/flash-daily-context-v3-round-report.md","Flash 今日日记语境 v3 三案例评测报告","b0d49450502d87a86826f5b6df23d0dc2c6b0c0cbc15cdd122471d37b075b6c8","已跟踪","历史证据","已完成","artifacts/journal-generation-evaluation/README.md","","公开证据","保留证据","保持原位","目录与包级规则推断","0",""
"artifacts/journal-generation-evaluation/flash-daily-prompt-v2-round-report.md","Flash 今日日记 Prompt v2 二轮校准报告","668b2287d467550448146cd98b4dca98bcba646df8bd98996ab246560c33c347","已跟踪","历史证据","已完成","artifacts/journal-generation-evaluation/README.md","","公开证据","保留证据","保持原位","目录与包级规则推断","0",""
"artifacts/journal-generation-evaluation/formal/gate-protocol.md","正式日志生成评测门槛","1c8ac050547920fdaf35684c2d640f59a138a5fe929cc30593c4e8f1904c6f15","已跟踪","历史证据","已完成","artifacts/journal-generation-evaluation/README.md","","公开证据","保留证据","保持原位","目录与包级规则推断","0",""
"artifacts/journal-generation-evaluation/gi088-human-extension-record-card-stage-a-report.md","GI-088 六条真人轨迹 Stage A 记录卡运行报告","c34e651cd490997fafb97e73d91d6eaa738f7c6fafbfca56a0230b4f27240215","已跟踪","历史证据","已完成","artifacts/journal-generation-evaluation/README.md","","公开脱敏证据","保留证据","保持原位","目录与包级规则推断","0",""
"artifacts/journal-generation-evaluation/gi088-record-card-rewrite-stage1-report.md","GI-088 新版记录卡受控实验：六条整改案例运行报告","8e97a6ff4491ef49c5e19e7b8162c741bc073fe338caa40738f292f0a85be994","已跟踪","历史证据","已完成","artifacts/journal-generation-evaluation/README.md","","公开证据","保留证据","保持原位","目录与包级规则推断","0",""
"artifacts/journal-generation-evaluation/gi088-record-card-rewrite-v2-stage1-report.md","GI-088 记录卡 Prompt v2：六条整改案例运行报告","301dac4ca7777502ee3cb7fef05eff133ae52e3a15032ed459b97f9eaaa3be97","已跟踪","历史证据","已完成","artifacts/journal-generation-evaluation/README.md","","公开证据","保留证据","保持原位","目录与包级规则推断","0",""
"artifacts/journal-generation-evaluation/nine-human-trajectory-summary.md","Daily Light 九条真人轨迹阶段性总结","b031c1f52d07879910f16a1d59d76fa39462a0c144445301cb67e062f71d58de","已跟踪","历史证据","已完成","artifacts/journal-generation-evaluation/README.md","","公开脱敏证据","保留证据","保持原位","目录与包级规则推断","3",""
"artifacts/journal-generation-evaluation/record-card-rewrite-v3-report.md","Daily Light 记录卡 Prompt v3 真实运行报告","7d3b68b783e8adbf21eb7894ebb0c4ca1d5e7b9a0948a1a31d9022c89ef5b7d3","已跟踪","历史证据","已完成","artifacts/journal-generation-evaluation/README.md","","公开证据","保留证据","保持原位","目录与包级规则推断","0",""
"artifacts/journal-generation-evaluation/record-card-v3-daily-regression-report.md","Daily Light 记录卡 v3 → 今日日记 Prompt v3 六案例回归","1a3d69028003e683a1263877534e0473480ca561c64f08c78ba7386663a9e38c","已跟踪","历史证据","已完成","artifacts/journal-generation-evaluation/README.md","","公开证据","保留证据","保持原位","目录与包级规则推断","1",""
"docs/2026-05-20-admin-seed-interview-bad-cases.md","`admin_seed` 2026-05-20 四维访谈完整记录","27583d4590a19306cbd3500fabd75ace01c4c6c3c41cd5c5ec25ada888418afc","已跟踪","稳定合同","现役","docs/README.md","","公开仓库","保留","保持原位","目录与包级规则推断","0",""
"docs/2026-05-21-fulfillment-question-quality-technical-spec.md","Fulfillment 提问质量修复技术方案","73ae668f4e996be03aa7541148f0c9fdc7b1ee301957a7d5ca4ac77354fa62d1","已跟踪","稳定合同","现役","docs/README.md","","公开仓库","保留","保持原位","目录与包级规则推断","0",""
"docs/README.md","Daily Light 文档导航","7afaed73d79a8b504a95fbe0192152b22741bee4a0d460934ff9db61023d5a33","已跟踪","知识导航","现役","[当前阶段 Handoff](./handoff.md)","","公开仓库","保留","本轮已复核","显式元数据","34",""
"docs/ai-evaluation-standard.md","Daily Light AI 评测总规范","08dc7aa28813a079c375b7e1341a9a7c8cf74b0957eddd750916dafa3e5c6c60","已跟踪","稳定合同","现役","[项目知识导航](./README.md)","","公开仓库","保留","本轮已复核","显式元数据","3",""
"docs/ai-quality-loop.md","AI 评估、反馈与自迭代闭环","d15cd49069b3d3b129a48377a71b95fb542afffe428438df17a298b3315e6779","已跟踪","稳定合同","现役","docs/README.md","","公开仓库","保留","保持原位","目录与包级规则推断","0",""
"docs/ai-tasks/README.md","ChatGPT × Codex 任务交接","d3d6fd3da8b87c711e958dee25c61238808d2f3e9418812182453b4e814ffa97","已跟踪","任务记录","现役","docs/handoff.md","","公开仓库","保留","保持原位","目录与包级规则推断","0",""
"docs/ai-tasks/TASK_TEMPLATE.md","任务标题","69a810cdef93c5e52ab74c0d574521886a5cc65fb8d94c8016bec306fc988a91","已跟踪","任务记录","现役","docs/handoff.md","","公开仓库","保留","保持原位","目录与包级规则推断","0",""
"docs/ai-tasks/done/GI-066-human-preview-blocker-fix-20260804.md","GI-066 第一轮人工实聊阻断修复与候选重验","53242c0e1203d08c37a22a8e68dd70d5d660c2b454f0e3bc9a55dc5b05d08519","已跟踪","任务记录","历史证据","docs/handoff.md","docs/handoff.md","公开仓库","转历史（原位）","保持原位","目录与包级规则推断","0",""
"docs/ai-tasks/done/GI-066-human-preview-blocker-fix-20260804.result.md","GI-066 第一轮人工实聊阻断修复｜执行结果","8c1db906b7a87c9aba9639596e3d449d311fdc9e4a71a1e15a8f8a45baef929b","已跟踪","任务记录","历史证据","docs/handoff.md","docs/handoff.md","公开仓库","转历史（原位）","保持原位","目录与包级规则推断","4",""
"docs/ai-tasks/done/GI-088-v8r2-evaluation-foundation-hardening-20260810.md","GI-088 v8r2｜意图控制与评测底座全量修复","73ae74d16627da599ad9f0698d5c51496789aff62abc000044ce25fff363ba37","已跟踪","任务记录","历史证据","docs/handoff.md","docs/handoff.md","公开仓库","转历史（原位）","保持原位","目录与包级规则推断","0",""
"docs/ai-tasks/done/GI-088-v8r2-evaluation-foundation-hardening-20260810.result.md","GI-088 v8r2 意图控制与评测底座全量修复｜执行结果","ae7a4af93387ea6f34db5f5365035a870ac362b0b0af7bbf47fb606750758a70","已跟踪","任务记录","历史证据","docs/handoff.md","docs/handoff.md","公开仓库","转历史（原位）","保持原位","目录与包级规则推断","2",""
"docs/ai-tasks/done/chatgpt-20260803000000-gi059.md","GI-059｜提问思路、深聊完成与真实体验复验","7c15b6084f79e7b1cb14830cb25bf90db1eeb3c3158a666cf5e02c216c3b7797","已跟踪","任务记录","历史证据","docs/handoff.md","docs/handoff.md","公开仓库","转历史（原位）","保持原位","目录与包级规则推断","0",""
"docs/ai-tasks/running/interview-refactor-mainline-retrospective-map-20260813.md","Daily Light AI 产品经理求职复盘 v3｜ChatGPT 网页版逐题背景资料包","12d86a174340723f4f22112b78106f143b0bf1c905edfd7626bcfdc5e66274b1","已跟踪","任务记录","待确认","docs/handoff.md","","公开仓库","保留","保持原位","目录与包级规则推断","0",""
"docs/architecture.md","Architecture","1a206b52ad0fbc9bede2eb0d39a1744960a2f2083457542ee7754871715fbcf5","已跟踪","稳定合同","现役","[项目知识导航](./README.md)","","公开仓库","保留","本轮已复核","显式元数据","7",""
"docs/design/design-rule-reconciliation.md","Daily Light 第二轮设计规则对账","3a2e6690ae143c137181834fc05b8be50d52926d370072a2250905e433ac73f0","已跟踪","稳定合同","现役","docs/README.md","","公开仓库","保留","保持原位","目录与包级规则推断","2",""
"docs/design/legacy-compatibility.md","Daily Light 旧页面兼容与紧急回退边界","73e7b18522a99cc3097e2a8aae66b93cbdb1152a5072fd6f11833eab6377b436","已跟踪","稳定合同","现役","docs/README.md","","公开仓库","保留","保持原位","目录与包级规则推断","2",""
"docs/design/ui-conventions.md","UI 工程规范：Daily Light 目标工作台","1689d4f2846d1930b5eae2619243b7903fb3baca82fb61d3a597a8330ab9aae4","已跟踪","稳定合同","现役","[Daily Light Design System](../../DESIGN.md)","","公开仓库","保留","本轮已复核","显式元数据","5",""
"docs/diagrams/README.md","访谈功能图谱","80ea1634e49342f106e8c263d490e25c0703a0629369bdfe58b47257ded08c57","已跟踪","稳定合同","现役","docs/README.md","","公开仓库","保留","保持原位","目录与包级规则推断","45",""
"docs/generative-interview-refactor-map.md","生成式访谈重构总 Map（Batch B 专项）","fa8ab4a2e93344e62e17c838600390610475adab4fd1958f53b5f9b90c26673a","已跟踪","总 Map","现役","[访谈产品优化总 Map](./interview-product-optimization-map.md)","","公开仓库","保留","本轮已复核","显式元数据","389",""
"docs/handoff.md","当前阶段 Handoff","40b2261357ce726d2fb0e2019efa3984516d045edca9c68f4b7f51b5810e4b8c","已跟踪","当前执行交接","现役","[项目知识导航](./README.md)","","公开仓库","保留","本轮已复核","显式元数据","33",""
"docs/integration-guide.md","Integration Guide","b3fa6c735ae6612edbfa796c35c95e70561188c95737fef5ff139d5aa838f32e","已跟踪","稳定合同","现役","[项目知识导航](./README.md)","","公开仓库","保留","本轮已复核","显式元数据","4",""
"docs/interview-event-centered-product-spec.md","事件中心自我探索产品规格","6e484ea0b427107a0a4d5fd95292a30e2aa0ce79ea893973e485c5ffe07d564c","已跟踪","稳定合同","现役","docs/README.md","","公开仓库","保留","保持原位","目录与包级规则推断","23",""
"docs/interview-event-centered-refactor-discussion-map.md","事件中心自我探索重构讨论地图","0b660323b71911df3c98ae02744cd9a3060df34dbd78787ae6ac608b48740b35","已跟踪","稳定合同","现役","docs/README.md","","公开仓库","保留","保持原位","目录与包级规则推断","31",""
"docs/interview-intent-evaluation-source-of-truth.md","访谈意图评测与上线事实源","644b83317694caaa1250d9c5959af6398421c57352381696bb702a51de19f101","已跟踪","稳定合同","现役","docs/README.md","","公开仓库","保留","保持原位","目录与包级规则推断","18",""
"docs/interview-module-analysis-map.md","AI 访谈模块分析与优化地图","a9eb718473499fc6444b13826bdbc8162abbdfa1f25214c511bbf8faebba58c5","已跟踪","稳定合同","现役","docs/README.md","","公开仓库","保留","保持原位","目录与包级规则推断","0",""
"docs/interview-product-optimization-map.md","幸福日志访谈产品优化地图","f2ecbbe2aaa10351aa9605c87fb3aa82d09e34ccb798a606ee9b17d98351f4f7","已跟踪","总 Map","现役","[项目知识导航](./README.md)","","公开仓库","保留","本轮已复核","显式元数据","17",""
"docs/interview-response-regeneration.md","Daily Light 按意图重新生成","4095905d190a8d13c0e24289dd638e92ca6446ab869af52fe64f4dcefef8dc15","已跟踪","稳定合同","现役","docs/README.md","","公开仓库","保留","保持原位","目录与包级规则推断","1",""
"docs/maintenance/2026-08-06-workspace-consolidation-result.md","2026-08-06 工作区收口结果","5931dc396693d52e0463f301ce5cfc7d541dc2c103bf770cd9797bddbce2d58e","已跟踪","任务记录","历史证据","docs/README.md","docs/maintenance/2026-08-16-documentation-governance-and-workspace-audit.md","公开仓库","保留","保持原位","目录与包级规则推断","4",""
"docs/maintenance/2026-08-06-worktree-consolidation.md","2026-08-06 工作区分组收口清单","37cc5b76620046c9552d9c9bb8587c6a046865d5a706119dd6a3ad67e6a5ae23","已跟踪","任务记录","历史证据","docs/README.md","docs/maintenance/2026-08-16-documentation-governance-and-workspace-audit.md","公开仓库","保留","保持原位","目录与包级规则推断","1",""
"docs/maintenance/2026-08-12-local-next-build-performance-incident.md","2026-08-12 本地 Next.js 构建性能事故","51074f5e9783981a3acaca6f3d319455c7613ce292bf7bffbae7dafc6e304748","已跟踪","任务记录","历史证据","docs/README.md","docs/maintenance/2026-08-16-documentation-governance-and-workspace-audit.md","公开仓库","保留","保持原位","目录与包级规则推断","10",""
"docs/maintenance/2026-08-12-workspace-disposition-ledger.md","2026-08-12 工作区 304 路径处置台账","9b10403b90ddde0ef456c25b9ce9bc35a8120e2d1e4947b7b3202a0680fecf50","已跟踪","任务记录","历史证据","docs/README.md","docs/maintenance/2026-08-16-documentation-governance-and-workspace-audit.md","公开仓库","保留","保持原位","目录与包级规则推断","0",""
"docs/maintenance/2026-08-16-document-governance-cleanup-preview.md","2026-08-16 文档与工作区清理预览","da984b70988fe8255fe876086fe57fd41a8d74439caf3a4243de5a099be2f171","已跟踪","任务记录","已完成","[文档治理与工作区审计](./2026-08-16-documentation-governance-and-workspace-audit.md)","","公开仓库","保留","本轮已复核","显式元数据","4",""
"docs/maintenance/2026-08-16-documentation-governance-and-workspace-audit.md","2026-08-16 文档治理与工作区审计","60a7a59e80979ed475751bc70379260c213a5fb7fe0b4491c419b4f62bf4a5fe","已跟踪","当前专项","已完成","[项目知识导航](../README.md)","","公开仓库","保留","本轮已复核","显式元数据","2",""
"docs/maintenance/2026-08-16-workspace-commit-consolidation.md","2026-08-16 工作区提交收口","4aac4f8f5feb7070531cb381a3969f4c2bb1a09d09fd969d5b12dce4371b6665","已跟踪","任务记录","已完成","[当前阶段 Handoff](../handoff.md)","docs/maintenance/2026-08-16-documentation-governance-and-workspace-audit.md","公开仓库","保留","保持原位","显式元数据","1",""
"docs/memory-system-implementation-plan.md","用户画像（长期记忆）系统 — 完整实施计划","1a382ab4ac483798eafbdf94cdf59e327987da62adb0448cc3bd96d79ed165b8","已跟踪","稳定合同","现役","docs/README.md","","公开仓库","保留","保持原位","目录与包级规则推断","0",""
"docs/operator-runbook.md","Operator Runbook","61e74c7634dcf0dd56d0a0ca38ca72d59d74aa07ca9916b20664d8619137a218","已跟踪","稳定合同","现役","[项目知识导航](./README.md)","","公开仓库","保留","本轮已复核","显式元数据","6",""
"docs/plans/2026-05-09-profile-page-redesign.md","画像页重构 Implementation Plan","c986d2c7ed4f950652b5b1c7fb352d44bbd7e8c866331090bf8cc288fdae946c","已跟踪","任务记录","历史证据","docs/handoff.md","docs/handoff.md","公开仓库","转历史（原位）","保持原位","目录与包级规则推断","0",""
"docs/plans/2026-05-16-account-system-v1.md","账户体系首版 Implementation Plan","16d22b7010cd8b01f390117a10922674188415377d6afe49c7af87729ae756d6","已跟踪","任务记录","历史证据","docs/handoff.md","docs/handoff.md","公开仓库","转历史（原位）","保持原位","目录与包级规则推断","0",""
"docs/plans/2026-05-17-launch-acceptance-matrix.md","上线前手动验收矩阵","5cdc9304e4d1fce15376c142ff2070961ad983e18e104571df6fc5683ae72754","已跟踪","任务记录","历史证据","docs/handoff.md","docs/handoff.md","公开仓库","转历史（原位）","保持原位","目录与包级规则推断","3",""
"docs/plans/2026-05-17-launch-issue-tracker.md","上线前问题池","ca3f85b0258e19af0f7a3cc7a559132e5fb9cafb9d44bd5ed74d0aa53a5e2127","已跟踪","任务记录","历史证据","docs/handoff.md","docs/handoff.md","公开仓库","转历史（原位）","保持原位","目录与包级规则推断","3",""
"docs/plans/2026-05-17-launch-plan.md","上线前推进总计划","40350b4f31b9448afbcc885be6eaae1217e4edae80a1a4f72b89405db2c074a6","已跟踪","任务记录","历史证据","docs/handoff.md","docs/handoff.md","公开仓库","转历史（原位）","保持原位","目录与包级规则推断","2",""
"docs/plans/2026-05-18-database-persistence-hardening.md","数据持久化补强 Implementation Plan","d9586d461a36ddde9d3f460a32aee2cd87d1fae9011bdb6283ff279b1df43bd2","已跟踪","任务记录","历史证据","docs/handoff.md","docs/handoff.md","公开仓库","转历史（原位）","保持原位","目录与包级规则推断","0",""
"docs/plans/2026-05-18-launch-readiness-batch1.md","Launch Readiness Batch 1 Implementation Plan","fbf181bf78fb2270ead4f9990d0a75cfa9ccd4e4d9ea1a2eab534f43200ded7e","已跟踪","任务记录","历史证据","docs/handoff.md","docs/handoff.md","公开仓库","转历史（原位）","保持原位","目录与包级规则推断","0",""
"docs/plans/2026-05-18-launch-readiness-batch2.md","Launch Readiness Batch 2 Implementation Plan","e86ecaea0ac5f1896cdd044f2f5fec991e24d263955d8735c33f6d1c16508e1d","已跟踪","任务记录","历史证据","docs/handoff.md","docs/handoff.md","公开仓库","转历史（原位）","保持原位","目录与包级规则推断","0",""
"docs/plans/2026-05-19-ai-env-audit-and-doc-sync.md","AI Env Audit And Doc Sync Implementation Plan","575484e7d690d6fc0dea6e7b7ea7e19066dc8f68c981a46a3245ca667ed7d35a","已跟踪","任务记录","历史证据","docs/handoff.md","docs/handoff.md","公开仓库","转历史（原位）","保持原位","目录与包级规则推断","0",""
"docs/plans/2026-05-19-vibevibe-review-action-plan.md","Vibevibe 评审收口执行计划","60f776344e966178fef3e7274fb4a9c4db2e5f208b424ffd57bfbb424e4bf097","已跟踪","任务记录","历史证据","docs/handoff.md","docs/handoff.md","公开仓库","转历史（原位）","保持原位","目录与包级规则推断","11",""
"docs/plans/2026-05-24-launch-execution-plan.md","Launch Execution Implementation Plan","5371a8b023c65a8996e647d4a8bb4fbc94bf22f8ee0cb9741a99dab6fdb488e2","已跟踪","任务记录","历史证据","docs/handoff.md","docs/handoff.md","公开仓库","转历史（原位）","保持原位","目录与包级规则推断","1",""
"docs/plans/2026-05-24-launch-final-checklist.md","Final Launch Checklist","cd9c35bf38821ed58acd7b509dcddce79c5f254ef0aa7ab8276cf7207a54baa8","已跟踪","任务记录","历史证据","docs/handoff.md","docs/handoff.md","公开仓库","转历史（原位）","保持原位","目录与包级规则推断","1",""
"docs/plans/2026-05-24-launch-overview.md","发布总览","7ac172f2842978b12d4a03efb7a00e18ec3308ae3cfb1bf644e994408e6e7e6a","已跟踪","任务记录","历史证据","docs/handoff.md","docs/handoff.md","公开仓库","转历史（原位）","保持原位","目录与包级规则推断","2",""
"docs/plans/2026-05-25-admin-ai-runtime-control-center-evidence.md","2026-05-25 管理员 AI 运行配置中心真实验证证据","4f5a6dda295ff7a4bed6f1caa3e47030453602ad25647394ab98d9e2e9f85477","已跟踪","任务记录","历史证据","docs/handoff.md","docs/handoff.md","公开仓库","转历史（原位）","保持原位","目录与包级规则推断","0",""
"docs/plans/2026-05-25-admin-ai-runtime-control-center.md","管理员 AI 运行配置中心实施计划","2f731da1ca0037e2b00c22bb93bf28a17b75abb615c30fd89cff182e056005e7","已跟踪","任务记录","历史证据","docs/handoff.md","docs/handoff.md","公开仓库","转历史（原位）","保持原位","目录与包级规则推断","0",""
"docs/plans/2026-05-27-interview-question-clarity-badcase-pack.md","Interview Question Clarity Badcase Pack","6f58e84693bed4287b59c19a6eb4e65e05d939894a8c1ebcb8c737f34f6efcef","已跟踪","任务记录","历史证据","docs/handoff.md","docs/handoff.md","公开仓库","转历史（原位）","保持原位","目录与包级规则推断","0",""
"docs/plans/2026-05-27-interview-question-clarity-design.md","Interview Question Clarity Design","da243f9342a7b52f8812537fdfc6a8fb95878776e2be1a883485aef176a4a612","已跟踪","任务记录","历史证据","docs/handoff.md","docs/handoff.md","公开仓库","转历史（原位）","保持原位","目录与包级规则推断","0",""
"docs/plans/2026-05-27-interview-question-clarity-implementation-plan.md","Interview Question Clarity Implementation Plan","8966b5e3e20976ff37b6103ad963cca21fb2f4ea3fe8bc5bff3edbf55031ac9d","已跟踪","任务记录","历史证据","docs/handoff.md","docs/handoff.md","公开仓库","转历史（原位）","保持原位","目录与包级规则推断","0",""
"docs/plans/2026-06-12-analysis-scroll-anchor-design.md","分析页单页锚点框架设计（2026-06-12）","b604b8c389bbd5a94c6744b3cb5f5675f24a868a071a33e9baac618ad59de12b","已跟踪","任务记录","历史证据","docs/handoff.md","docs/handoff.md","公开仓库","转历史（原位）","保持原位","目录与包级规则推断","8",""
"docs/plans/2026-06-12-analysis-trends-polish-design.md","分析页「量化趋势」段打磨设计（2026-06-12）","62a2d3198f23312e34d933b0e604e4de3f2b03c5ba3df53daa5e202bc7c71f0e","已跟踪","任务记录","历史证据","docs/handoff.md","docs/handoff.md","公开仓库","转历史（原位）","保持原位","目录与包级规则推断","2",""
"docs/plans/2026-06-12-daily-journal-export-design.md","完整日志本地带走设计（2026-06-12）","58e088cc07ec960e1546c6286a9387cb6ed074304d9691a66b01203ce50ab29b","已跟踪","任务记录","历史证据","docs/handoff.md","docs/handoff.md","公开仓库","转历史（原位）","保持原位","目录与包级规则推断","6",""
"docs/plans/2026-06-12-header-widget-unity-design.md","顶栏小组件样式统一 · 设计说明","337dde3e41e3870f22c46714a92f5e85a605b15be2c2a6aac6e2932041cc7cca","已跟踪","任务记录","历史证据","docs/handoff.md","docs/handoff.md","公开仓库","转历史（原位）","保持原位","目录与包级规则推断","2",""
"docs/plans/2026-07-17-analysis-month-aggregation-refactor-design.md","月度分析聚合模块重构设计","489cdb378fafc0a3a123a8f3865bc3b8031e24122bb2a75da51d5578e662b742","已跟踪","任务记录","历史证据","docs/handoff.md","docs/handoff.md","公开仓库","转历史（原位）","保持原位","目录与包级规则推断","0",""
"docs/plans/2026-07-17-analysis-month-aggregation-refactor.md","Analysis Month Aggregation Refactor Implementation Plan","6d9d51745f6775028332c1aa4630e994710f3ff7bd1f6ec6cda3b1188df6fe7a","已跟踪","任务记录","历史证据","docs/handoff.md","docs/handoff.md","公开仓库","转历史（原位）","保持原位","目录与包级规则推断","0",""
"docs/plans/2026-08-11-daily-light-journal-page-frontend-handoff.md","Daily Light：访谈、事件卡片与今日日记网页端前端设计交接","69e9bf9041b2904ffdc16578701307ca16ed8bf9f84c9e8c9a5bc4348045e2bd","已跟踪","任务记录","历史证据","docs/handoff.md","docs/handoff.md","公开仓库","转历史（原位）","保持原位","目录与包级规则推断","11",""
"docs/plans/2026-08-12-daily-light-end-to-end-integration-handoff.md","Daily Light 端到端联调总交接","1d27d0d9419fb4f99486504f2208a6afed3efed0c4430743f168588946663633","已跟踪","任务记录","历史证据","docs/handoff.md","docs/handoff.md","公开仓库","转历史（原位）","保持原位","目录与包级规则推断","18",""
"docs/plans/2026-08-12-daily-light-journal-preview-contract.md","Daily Light 隔离 Preview 联调契约","584d2b23db36412c3dc98485d49d2568d143316df213d8940643c18a9c2cbd42","已跟踪","任务记录","历史证据","docs/handoff.md","docs/handoff.md","公开仓库","转历史（原位）","保持原位","目录与包级规则推断","1",""
"docs/plans/2026-08-16-gi088-response-first-two-stage-and-responsibility-split.md","GI-088｜先回应后整理与职责重划实施计划","78a628d848275b9c48d8167c8c106d5c3a92836d1c656a0669d1d1b9d78f2593","已跟踪","当前专项","已完成","[生成式访谈重构总 Map](../generative-interview-refactor-map.md)","docs/handoff.md","公开仓库","转历史（原位）","保持原位","显式元数据","1",""
"docs/plans/2026-08-16-gi088-response-latency-root-cause-discussion-handoff.md","GI-088｜模型长等待根因讨论交接","33ae1b53b1770b54da8e3a920b8cd55f0a32a622cc7e4425f6df450f19f5067d","已跟踪","当前讨论交接","已完成","[生成式访谈重构总 Map](../generative-interview-refactor-map.md)","docs/handoff.md","公开仓库","转历史（原位）","保持原位","显式元数据","23",""
"docs/plans/2026-08-16-gi088-two-stage-quality-optimization-and-local-integration.md","GI-088｜两段式质量、后台提速与本地接入","26a5e1ca8f40f7bc0a1fd66b9b07692a483e2636943ecf597516d1026d419ff1","已跟踪","当前专项","已确认·实施中","[生成式访谈重构总 Map](../generative-interview-refactor-map.md)","docs/handoff.md","公开仓库","转历史（原位）","保持原位","显式元数据","3",""
"docs/plans/header-unity-preview.md","顶部导航统一性改进 · 交互预览说明","d3cb55a22d03fd4ad1e61f776703cd8bceca7cb7e068b8335712aba7aeb2617b","已跟踪","任务记录","历史证据","docs/handoff.md","docs/handoff.md","公开仓库","转历史（原位）","保持原位","目录与包级规则推断","3",""
"docs/plans/header-widget-unity-preview.md","顶栏小组件统一 · 改前/改后预览","087d582c537f884c31d2e29baf95116257aa4f995586da8f68f6377eda9fbf6b","已跟踪","任务记录","历史证据","docs/handoff.md","docs/handoff.md","公开仓库","转历史（原位）","保持原位","目录与包级规则推断","3",""
"docs/plans/ux-flow-before-after-preview.md","访谈 → 单维日志 → 完整日志 · 改动前后对比","f88a72d217be03e096e1107a7bd76daea8842986ae9ef5053fa3049c899851e4","已跟踪","任务记录","历史证据","docs/handoff.md","docs/handoff.md","公开仓库","转历史（原位）","保持原位","目录与包级规则推断","0",""
"docs/prototypes/interview-event-centered/README.md","事件中心重构 HTML 原型","a5fa0775dbdbeab0bfa238a591691a0b483fe16912beab9aef76290309d2063d","已跟踪","稳定合同","现役","docs/README.md","","公开仓库","保留","保持原位","目录与包级规则推断","1",""
"docs/retrospectives/2026-08-10-gi088-end-to-end-iteration-retrospective.md","GI-088 全链路实操复盘","88d971fc26a2d5fc2e74617553e8c91f0816fae841247a04cb40ec90f43125df","已跟踪","历史证据","历史证据","docs/README.md","","公开仓库","保留历史","保持原位","目录与包级规则推断","9",""
"docs/technical/interview-event-centered/00-generative-interview-ai-product-working-method.md","生成式访谈 AI 产品工作方法 v1.0","e33f8e0a94260b5479586a54cfd9bed937e020c2e76cb4c5d79b921bc1be7fb0","已跟踪","稳定合同","现役","docs/README.md","","公开仓库","保留","保持原位","目录与包级规则推断","11",""
"docs/technical/interview-event-centered/00-lead-agent-collaboration-and-delivery.md","事件中心重构 LeadAgent 协作与交付机制","eab6449cfe39e57113e7ae62f7ef942589eed50cbf343117ea9b8fc3626b7806","已跟踪","稳定合同","现役","docs/README.md","","公开仓库","保留","保持原位","目录与包级规则推断","6",""
"docs/technical/interview-event-centered/00a-generative-interview-ai-product-working-method-retrospective.md","生成式访谈板块 5 与 AI 产品工作方法实操复盘","9fa13ea4b0a72c1814ef84c3584b25a7d0eab636eca9af7580f46a4cf8dccc5b","已跟踪","稳定合同","现役","docs/README.md","","公开仓库","保留","保持原位","目录与包级规则推断","7",""
"docs/technical/interview-event-centered/01-event-and-outcomes-domain-model.md","事件与成果领域模型技术方案","6afe4968285e2e61a908c89a764e6dda28145bf24c20d0efc42b0d6615ced689","已跟踪","稳定合同","现役","docs/README.md","","公开仓库","保留","保持原位","目录与包级规则推断","7",""
"docs/technical/interview-event-centered/04-four-angle-common-interview-protocol.md","04｜四角度公共访谈协议","f2ff7634507d9816c0084f4e865eb341920d692e763bc6edc38f7e6acccce595","已跟踪","稳定合同","现役","docs/README.md","","公开仓库","保留","保持原位","目录与包级规则推断","41",""
"docs/technical/interview-event-centered/04a-feeling-strategy.md","批次 B 附录｜理解感受策略","3aaabf2a2714804984695d95dbd37495ea191afc41af9ac48708e9509a20d1ac","已跟踪","稳定合同","现役","docs/README.md","","公开仓库","保留","保持原位","目录与包级规则推断","0",""
"docs/technical/interview-event-centered/04b-thought-strategy.md","批次 B 附录｜理清想法策略","ec8a33825516a78795dc75cbd58c04a2d0c0c89979ec0327435722645e42cfa5","已跟踪","稳定合同","现役","docs/README.md","","公开仓库","保留","保持原位","目录与包级规则推断","11",""
"docs/technical/interview-event-centered/04c-relationship-strategy.md","04c｜梳理关系策略","c78c2146d4d443de0884da38f29bf52dcb697d81b44e0bfb193cb85e6a3aa9d1","已跟踪","稳定合同","现役","docs/README.md","","公开仓库","保留","保持原位","目录与包级规则推断","0",""
"docs/technical/interview-event-centered/04d-action-strategy.md","04d｜复盘行动策略","9113d4da54dbce668f946b71eecaafa169f84195e922b39fe14e0ca2c12a0b0c","已跟踪","稳定合同","现役","docs/README.md","","公开仓库","保留","保持原位","目录与包级规则推断","0",""
"docs/technical/interview-event-centered/04e-batch-b-evaluation-and-badcases.md","批次 B 附录｜AI 评测与 Badcase 口径","5bbce1e42c47876bc82ac04a71b10832940b5db68fd1bf6a99bbc7a4c3f7dc91","已跟踪","稳定合同","现役","docs/README.md","","公开仓库","保留","保持原位","目录与包级规则推断","8",""
"docs/technical/interview-event-centered/04f-frontend-reuse-and-integration.md","04f｜Batch B 前端复用与 A 方案接入审查","d086da50920469fc48b2e139e3c80bf8ed308f42af4058b86e89c508e883a42f","已跟踪","稳定合同","现役","docs/README.md","","公开仓库","保留","保持原位","目录与包级规则推断","1",""
"docs/technical/interview-event-centered/04g-ai-pm-public-protocol-revision-card.md","04g｜Batch B 公共提问策略修订卡","e5cc0b6bc4838cef09b688e839071772efdf52d60e03ab2da88eb12e9b962a63","已跟踪","稳定合同","现役","docs/README.md","","公开仓库","保留","保持原位","目录与包级规则推断","1",""
"docs/technical/interview-event-centered/04h-ai-pm-v24-quality-decision-card.md","04h｜第24版样本 AI 提问质量决策卡","2da667134ff71487758aeefc1db154181fe5d48bd58e69c22ea464890bd0f241","已跟踪","稳定合同","现役","docs/README.md","","公开仓库","保留","保持原位","目录与包级规则推断","0",""
"docs/technical/interview-event-centered/04i-generative-interview-architecture-handoff.md","04i｜生成式 AI 访谈架构重思交接文档","44b67e00a38f415a9f0afa43463fc2f3879cd829f8deb192221d67c71d840173","已跟踪","稳定合同","现役","docs/README.md","","公开仓库","保留","保持原位","目录与包级规则推断","2",""
"docs/technical/interview-event-centered/04j-generative-quality-evaluation-v1.md","板块 6 专项｜生成式访谈质量评测 v1","e12a27a371f8ea671cb364d964ecca8ddb84e808fb7cc1c325a717528bbb5e59","已跟踪","当前专项","现役","[生成式访谈重构总 Map](../../generative-interview-refactor-map.md)","","公开仓库","保留","本轮已复核","显式元数据","97",""
"docs/technical/interview-event-centered/04k-generative-question-strategy-implementation.md","04k｜板块 7 生成式提问策略与链路改造","b8937064310fbcfd50908d4bf13119a7b93dcdde37cf87da2d0a55d735499214","已跟踪","稳定合同","现役","docs/README.md","","公开仓库","保留","保持原位","目录与包级规则推断","78",""
"docs/technical/interview-event-centered/04l-board7-mvp-quality-repair-handoff.md","04l｜板块 7 MVP 质量修复执行交接","55e4736eb08829631e1310f8036fb49d08b7025af1cbbc374771e20f42d0f194","已跟踪","稳定合同","现役","docs/README.md","","公开仓库","保留","保持原位","目录与包级规则推断","6",""
"docs/technical/interview-event-centered/04m-board7-minimal-two-stage-v3-execution-handoff.md","04m｜板块 7 极简两段式 v3 实施交接","595bbbf6571eac839779b41350e4b88b216bc4928e8c491ee2ad4e9c11a3700f","已跟踪","稳定合同","现役","docs/README.md","","公开仓库","保留","保持原位","目录与包级规则推断","9",""
"docs/technical/interview-event-centered/04n-board7-semantic-skeleton-v1-spec.md","04n｜板块 7 Provider v4→v5 语义骨架规格","6f4b06e39ebf3879047f8cd37720de3aa952587871727f10929df1c947aa7722","已跟踪","稳定合同","现役","docs/README.md","","公开仓库","保留","保持原位","目录与包级规则推断","18",""
"docs/technical/interview-event-centered/04o-board7-mvp-preview-candidate-handoff.md","04o｜板块 7 生成式访谈 MVP Preview 候选交接","d76f67be567fff5151bb0e99f2db070db501e525629f60d2383e265075f1373f","已跟踪","稳定合同","现役","docs/README.md","","公开仓库","保留","保持原位","目录与包级规则推断","24",""
"docs/technical/interview-event-centered/04p-board8-preview-go-no-go-production-authorization.md","04p｜板块 8 内部 Preview、Go/No-Go 与生产授权","a8e7e8890ae82a049c634c066e786b50b96b9bae3357489f62ff13e6b7bd2121","已跟踪","稳定合同","现役","docs/README.md","","公开仓库","保留","保持原位","目录与包级规则推断","61",""
"docs/technical/interview-event-centered/04q-board8-gi057-event-recording-routing-and-candidate-reverification.md","GI-057｜事件记录分流、统一问停与候选复验","5fd098fe429e55380441f53d5c3dedb580367440fcb6e3621833cd7bfa2d5524","已跟踪","稳定合同","现役","docs/README.md","","公开仓库","保留","保持原位","目录与包级规则推断","11",""
"docs/technical/interview-event-centered/04r-board8-gi058-release-blocking-repair-and-performance-calibration.md","04r｜GI-058 发布阻断修复与真实性能校准","7765ce4370821f7129d7a2e9857152477bfa04eca0b38a423b67f29e8c075561","已跟踪","稳定合同","现役","docs/README.md","","公开仓库","保留","保持原位","目录与包级规则推断","12",""
"docs/technical/interview-event-centered/04s-board8-gi059-question-thinking-deep-completion-and-real-experience-reverification.md","04s｜GI-059 提问思路、深聊完成与真实体验复验","33d525ae8cb522dece404a22159ee15955b1d908bf667cc3bf986124ce92b9a3","已跟踪","稳定合同","现役","docs/README.md","","公开仓库","保留","保持原位","目录与包级规则推断","14",""
"docs/technical/interview-event-centered/04t-board8-gi060-to-gi064-reliability-repair-and-human-preview.md","04t｜GI-060–GI-064 运行可靠性修复与人工实聊准备","69b4f05bb0e5b01cc5cc20a536b97241928896ff6d892badb254cead6c5423b3","已跟踪","稳定合同","现役","docs/README.md","","公开仓库","保留","保持原位","目录与包级规则推断","9",""
"docs/technical/interview-event-centered/04u-board8-gi066-thought-only-question-strategy.md","04u｜GI-066 理清想法的判断地图、主动提问与认识增量协议","0c8f597d0677f3029b8713d038bea4e9bc0513852fb11121ef1addc2830accc0","已跟踪","稳定合同","现役","docs/README.md","","公开仓库","保留","保持原位","目录与包级规则推断","16",""
"docs/technical/interview-event-centered/04v-board8-gi066-development-execution-plan.md","04v｜GI-066 开发执行计划：判断地图、系统选题与可信复验","bd8ea962a80e7b882927af139f4d72fc06a2b40a1922dea0ad93d6bfcfc99b75","已跟踪","稳定合同","现役","docs/README.md","","公开仓库","保留","保持原位","目录与包级规则推断","15",""
"docs/technical/interview-event-centered/04w-board4-gi067-thought-question-strategy-first-principles.md","04w｜GI-067 “理清想法”提问策略第一性原理重构","cc5f3790799c11bf6d4d57e755b8fc31d3209b1c3613b1a6d27538e9b1e44ed6","已跟踪","稳定合同","现役","docs/README.md","","公开仓库","保留","保持原位","目录与包级规则推断","26",""
"docs/technical/interview-event-centered/04x-01-help-me-record-zero-question-strategy.md","04x-01｜【帮我记】零追问承接与日志策略","ebc6046cde7e685ebdb1ee09bb8ca79cca2547c6970b7f4b3ba169b9c493a343","已跟踪","稳定合同","现役","docs/README.md","","公开仓库","保留","保持原位","目录与包级规则推断","9",""
"docs/technical/interview-event-centered/04x-02-accompany-me-chat-stage1-engage-and-focus.md","04x-02｜【陪我聊】阶段 1——承接与定位","d68f11d69f2c50823aa2f0d4f548bed9d9c83670544532f3beb5d4eaeb17d25e","已跟踪","稳定合同","现役","docs/README.md","","公开仓库","保留","保持原位","目录与包级规则推断","16",""
"docs/technical/interview-event-centered/04x-03-accompany-me-chat-stage2-explore-and-clarify.md","04x-03｜【陪我聊】阶段 2——探索与澄清","93de43ef3ec607639af3990187d4ffcf91b8d0eecbefa3f449bc053fe80529d1","已跟踪","稳定合同","现役","docs/README.md","","公开仓库","保留","保持原位","目录与包级规则推断","15",""
"docs/technical/interview-event-centered/04x-04-accompany-me-chat-stage3-deepen-and-integrate.md","04x-04｜【陪我聊】阶段 3——深化与整合","e31ac67fb28188fa2967f977a2f85aff1f270de9e08df9067670fe15643eae77","已跟踪","稳定合同","现役","docs/README.md","","公开仓库","保留","保持原位","目录与包级规则推断","17",""
"docs/technical/interview-event-centered/04x-05-scene-playbooks-and-topic-modifiers.md","04x-05｜高频场景、决策支持与话题修正策略","db315a5c925c23e4d4462a2b29553789635dd9ef5f5aecf03d94348f73c5c6fb","已跟踪","稳定合同","现役","docs/README.md","","公开仓库","保留","保持原位","目录与包级规则推断","13",""
"docs/technical/interview-event-centered/04x-06-think-summary-and-question-realization.md","04x-06｜理解回应与用户可见表达协议","8e11bc27433bf71d661a7d47812115a1884638185db7311b6e006d13b4b3ca71","已跟踪","稳定合同","现役","docs/README.md","","公开仓库","保留","保持原位","目录与包级规则推断","11",""
"docs/technical/interview-event-centered/04x-07-evaluation-preview-and-handoff.md","04x-07｜GI-074 生成式访谈评测体系与下游交接协议","6a19ec6d487b09392c08c18d4c0b363cc3dc2cf86ca008f44f6557eab393717a","已跟踪","稳定合同","现役","docs/README.md","","公开仓库","保留","保持原位","目录与包级规则推断","11",""
"docs/technical/interview-event-centered/04x-board4-gi067-interview-question-strategy-global-framework.md","04x｜GI-067 访谈提问策略全局讨论架构","ccf0d77af0d2ceee7a779a0df6204e98ef74d429d71b8e1f4eba0916ec481a80","已跟踪","稳定合同","现役","docs/README.md","","公开仓库","保留","保持原位","目录与包级规则推断","28",""
"docs/technical/interview-event-centered/05-board5-stability-user-control-and-interaction-scope.md","板块 5｜稳定性、用户控制与交互收束","8271dd7f39728bf51716fa2d4475302c09062971dd67ec48bb95f042d885de21","已跟踪","稳定合同","现役","docs/README.md","","公开仓库","保留","保持原位","目录与包级规则推断","15",""
"docs/technical/interview-event-centered/07-board7-model-led-semantic-implementation.md","板块 7｜模型主导语义判断的候选实现与验证","ed6f9aa12a400aa348fc1421fcc50ab67323921ffdb4db2c4791960d5d5df64c","已跟踪","当前专项","现役","[生成式访谈重构总 Map](../../generative-interview-refactor-map.md)","","公开仓库","保留","保持原位","显式元数据","26",""
"docs/technical/interview-event-centered/batch-b-ai-pm-preview-acceptance.md","Batch B｜AI 产品经理内部 Preview 验收单","26db46ca2bbcf51df7fdfbf0441467cb96891eaad205499c704fddc079c7a681","已跟踪","稳定合同","现役","docs/README.md","","公开仓库","保留","保持原位","目录与包级规则推断","1",""
"docs/templates/ai-evaluation-specialty-template.md","Daily Light AI 评测专项模板","2f50480833cae324f934bbcdc718217838c95f0a35f66ccb46e4a0a74edb7297","已跟踪","稳定合同","现役","docs/README.md","","公开仓库","保留","保持原位","目录与包级规则推断","1",""
"docs/theory/dimension-draft-template.md","维度正文生成模板","e7c51bae99dacd4ed96854190b01533ed26faca3b520c810cccfda0ade6672ae","已跟踪","稳定合同","现役","docs/README.md","","公开仓库","保留","保持原位","目录与包级规则推断","0",""
"docs/theory/fulfillment-alignment.md","Fulfillment 维度对齐基线","1fc3ce8c8323dc3735ed76436b3e9e115ebc91b94f8bc28901e72a232f801ae8","已跟踪","稳定合同","现役","docs/README.md","","公开仓库","保留","保持原位","目录与包级规则推断","0",""
"docs/theory/gratitude-alignment.md","Gratitude 维度对齐基线","f45adbb0365b0c46b966ed1de92f9ea704f7ec93328c94cd372d1c3cd36d9321","已跟踪","稳定合同","现役","docs/README.md","","公开仓库","保留","保持原位","目录与包级规则推断","0",""
"docs/theory/improvement-alignment.md","Improvement 维度对齐开发规格","5d195941b40fde57b5e9852131e381f391f48c36b50388d6640cc2c205251a33","已跟踪","稳定合同","现役","docs/README.md","","公开仓库","保留","保持原位","目录与包级规则推断","0",""
"docs/theory/joy-alignment.md","Joy 维度对齐基线","78a3a6faf5f8444ff09c97ef020c00bbc8ca4b46f284ed3d43dbd9475a5e244c","已跟踪","稳定合同","现役","docs/README.md","","公开仓库","保留","保持原位","目录与包级规则推断","0",""
"docs/theory/reflection-alignment.md","Reflection 维度对齐基线","f0191ea4e99776e1cf93ab1b6c1174a19176542a96da1b640fe24fd0dc54b4a6","已跟踪","稳定合同","现役","docs/README.md","","公开仓库","保留","保持原位","目录与包级规则推断","0",""
"docs/vercel-preview-production-lane.md","Vercel Preview / Production Lane","89efe9a71858d99516123c7765b0bca651cbdfe0f114b732e68317d4eca8f55a","已跟踪","稳定合同","现役","[项目知识导航](./README.md)","","公开仓库","保留","本轮已复核","显式元数据","39",""
"docs/vibe-coding-series/01-从想法到任务.md","我原来以为，Vibe Coding 就是让 AI 写代码","b71dc2d2eaa1dcbd1fe88094563958176a5757818a95ab01142885b06b1175fc","已跟踪","历史证据","历史证据","docs/README.md","","公开仓库","保留历史","保持原位","目录与包级规则推断","0",""
"docs/vibe-coding-series/02-从提示词到上下文.md","AI 写得越来越快，项目为什么越来越难接着做","6acd342c366201155dbd6a477cec9b6286b8ad24383406523fcbe1493700f0e6","已跟踪","历史证据","历史证据","docs/README.md","","公开仓库","保留历史","保持原位","目录与包级规则推断","0",""
"docs/vibe-coding-series/03-从能运行到可验证.md","功能能跑起来以后，怎么知道它真的做对了","806fdbdedd5c8fec5011a893e0acf589bd13d4ea3cc625ec3cb45da92942e843","已跟踪","历史证据","历史证据","docs/README.md","","公开仓库","保留历史","保持原位","目录与包级规则推断","0",""
"docs/vibe-coding-series/04-生成式访谈评测实战复盘.md","一次生成式访谈评测，为什么从 8 张校准卡一直走到 v8r2","8c9fb474012d5f8cb4cf070d9fcf0a12b9da8127432174a50ed82f510c080dd4","已跟踪","历史证据","历史证据","docs/README.md","","公开仓库","保留历史","保持原位","目录与包级规则推断","21",""
"docs/vibe-coding-series/README.md","Vibe Coding 系列复盘","5be27855613a023ffeb4a092ad84b1477600a3ec88fa7b393a7b1de15a618af9","已跟踪","历史证据","历史证据","docs/README.md","","公开仓库","保留历史","保持原位","目录与包级规则推断","1",""
"docs/vibe-coding-series/SOURCES.md","材料与证据","11931b4e3ba5f202d4a967e01375ec2c9be293134cb423945b49169c81776efb","已跟踪","历史证据","历史证据","docs/README.md","","公开仓库","保留历史","保持原位","目录与包级规则推断","12",""
"evals/event-centered-generative/README.md","事件中心生成式访谈评测","143747733de95e7c5fd85210b3ae9256d41cc2844711352187ac9df4ff6f528d","已跟踪","评测资产","现役","docs/ai-evaluation-standard.md","","公开证据","保留","保持原位","目录与包级规则推断","0",""
"evals/interview-intent/README.md","访谈意图评测资产","ad37021c5fb552685785c363ea773c308a5347a2ea7a65207551d65ac5175db5","已跟踪","评测资产","现役","docs/interview-intent-evaluation-source-of-truth.md","","公开证据","保留","保持原位","目录与包级规则推断","11",""
"evals/interview-intent/reports/2026-07-20-blind-v1-first-run.md","访谈意图正式评测：第一轮封存盲测","47b219404bee5734b81808eed299e602d8e7911a0c4710469cc726241ea814d4","已跟踪","评测资产","现役","docs/interview-intent-evaluation-source-of-truth.md","","公开证据","保留","保持原位","目录与包级规则推断","0",""
"evals/interview-intent/reports/2026-07-20-blind-v2-first-run.md","访谈意图正式评测：第二轮封存盲测","27b74cd7c74ad39169b5ce0d9488d52f8891a7368f195ac06f5971b2d488dcda","已跟踪","评测资产","现役","docs/interview-intent-evaluation-source-of-truth.md","","公开证据","保留","保持原位","目录与包级规则推断","0",""
"evals/interview-intent/reports/2026-07-20-blind-v3-first-run.md","访谈意图正式评测：第三轮封存盲测","cfafea5c5890680d5f86b75b38663c25acb6724dcc97003613a506be3d5149ad","已跟踪","评测资产","现役","docs/interview-intent-evaluation-source-of-truth.md","","公开证据","保留","保持原位","目录与包级规则推断","0",""
"evals/interview-intent/reports/2026-07-20-blind-v4-first-run.md","访谈意图正式评测：第四轮封存盲测","80bf7292d15c0d8e99e3eaa8f95c685a24250d546364307f3841615b925f3cee","已跟踪","评测资产","现役","docs/interview-intent-evaluation-source-of-truth.md","","公开证据","保留","保持原位","目录与包级规则推断","0",""
"evals/interview-intent/reports/2026-07-20-blind-v5-first-run.md","访谈意图正式评测：第五轮封存盲测","039866ee0adb34ed597c03caacfa30d4e0ceb470d3894ea702fedfc44b1e099b","已跟踪","评测资产","现役","docs/interview-intent-evaluation-source-of-truth.md","","公开证据","保留","保持原位","目录与包级规则推断","0",""
"evals/interview-intent/reports/2026-07-20-blind-v6-first-run.md","访谈意图正式评测：第六轮封存盲测","48631c82764cd0eba22a4a5e8342bb5bf6bf5da40c3b87ec1da603e87c033335","已跟踪","评测资产","现役","docs/interview-intent-evaluation-source-of-truth.md","","公开证据","保留","保持原位","目录与包级规则推断","0",""
"evals/interview-intent/reports/2026-07-20-formal-release-gate.md","访谈意图正式离线上线门槛报告","04b8e35df10c3d5a5187f33cecc712114ca659cc441d6d50bb6d025d312da808","已跟踪","评测资产","现役","docs/interview-intent-evaluation-source-of-truth.md","","公开证据","保留","保持原位","目录与包级规则推断","1",""
"evals/interview-intent/reports/2026-07-20-intent-adjudication-resolution.md","访谈意图识别四条分歧裁决报告","c3f22a3df1a9d86e921ebd9bab81500a7f87be5042377d600575185889e19c96","已跟踪","评测资产","现役","docs/interview-intent-evaluation-source-of-truth.md","","公开证据","保留","保持原位","目录与包级规则推断","0",""
"evals/interview-intent/reports/2026-07-20-intent-core-release-gate.md","访谈意图识别核心评测报告","45e00e0ef25b64a7b929d53c0f303b269d6c9d6b627d46f727444f5eef238d21","已跟踪","评测资产","现役","docs/interview-intent-evaluation-source-of-truth.md","","公开证据","保留","保持原位","目录与包级规则推断","0",""
"evals/interview-intent/reports/2026-07-20-intent-execution-side-review.md","访谈意图识别执行侧人工复核报告","a91102861948202d72ba5c12ba872d35848b8636bbeea60f33093068a2ab0a30","已跟踪","评测资产","现役","docs/interview-intent-evaluation-source-of-truth.md","","公开证据","保留","保持原位","目录与包级规则推断","0",""
"evals/interview-intent/reports/2026-07-20-preview-experience-gate-v2.md","访谈意图五维Preview体验复测报告","53090f86ec89dcc600b9971fee30230c354de64cc7b757c40fd014d55fd186b1","已跟踪","评测资产","现役","docs/interview-intent-evaluation-source-of-truth.md","","公开证据","保留","保持原位","目录与包级规则推断","1",""
"evals/interview-intent/reports/2026-07-20-preview-experience-gate.md","访谈意图五维Preview体验报告","ce8d16f66f98c476c74eb980ef3aaca927ba287a8d9e22e4358b20f8cba2b82a","已跟踪","评测资产","现役","docs/interview-intent-evaluation-source-of-truth.md","","公开证据","保留","保持原位","目录与包级规则推断","1",""
"evals/interview-intent/reports/2026-07-20-seed-baseline.md","访谈意图40条种子集基线报告","833a03e9edb521d64576b4ea1f76db0c98ea87eb195f72c1f4ce25fab707879f","已跟踪","评测资产","现役","docs/interview-intent-evaluation-source-of-truth.md","","公开证据","保留","保持原位","目录与包级规则推断","1",""
"evals/interview-intent/reports/2026-07-21-external-review-seal.md","访谈意图外部独立评审封存记录","52e0a1270f082ad45cffa58986a9fa01453d63df82147bac09fa54e7c305b881","已跟踪","评测资产","现役","docs/interview-intent-evaluation-source-of-truth.md","","公开证据","保留","保持原位","目录与包级规则推断","0",""
"evals/interview-intent/reports/2026-07-21-independent-intent-review.md","访谈意图独立产品评审报告","9d7d2857ded566554a0c59b56e6254212fae30e8e70481e2176b8756ab02f687","已跟踪","评测资产","现役","docs/interview-intent-evaluation-source-of-truth.md","","公开证据","保留","保持原位","目录与包级规则推断","0",""
"evals/interview-intent/reports/2026-07-21-intent-boundary-regression.md","访谈意图五条边界修正与回归报告","9048cc46da0c8cfb8275bc60f3af157e902747680be17ac4317c3ed86a58d068","已跟踪","评测资产","现役","docs/interview-intent-evaluation-source-of-truth.md","","公开证据","保留","保持原位","目录与包级规则推断","0",""
"evals/interview-intent/reports/2026-07-21-internal-external-set-review.md","访谈意图新封存集内部复核报告","8a85b88e335e2e758ae6531061edf9e93dd135fb98177a7d6a67b2487040e528","已跟踪","评测资产","现役","docs/interview-intent-evaluation-source-of-truth.md","","公开证据","保留","保持原位","目录与包级规则推断","0",""
"evals/interview-intent/reports/2026-07-21-preview-adoption-and-20-turn-observation.md","访谈意图共享 Preview 采用与 20 轮运行观察报告","62c7080f854479624db9f4eb9ef8a7ca23ad4a5b71780aa3f6b23d116aba9688","已跟踪","评测资产","现役","docs/interview-intent-evaluation-source-of-truth.md","","公开证据","保留","保持原位","目录与包级规则推断","0",""
"evals/interview-intent/reports/2026-07-21-production-enforce-release.md","访谈意图识别全量发布报告","a55e620f15b37af0069221d595dbc7606bef37e2dd83f24b59b1187985f51176","已跟踪","评测资产","现役","docs/interview-intent-evaluation-source-of-truth.md","","公开证据","保留","保持原位","目录与包级规则推断","0",""
"evals/interview-intent/reviewer/2026-07-20-independent-intent-assessment-scorecard.md","意图识别独立评审评分卡","5fc49680dd948599fa9cc6e7e7b15ce339de8fa7d17978fc5addd33a24e37f9d","已跟踪","评测资产","现役","docs/interview-intent-evaluation-source-of-truth.md","","公开证据","保留","保持原位","目录与包级规则推断","0",""
